Track_ID,Track_Name,Track_Artist,Preview_URL
1iuljeYz6ZG3GTJOZZkoer,RGF Island,"[{'external_urls': {'spotify': 'https://open.spotify.com/artist/6PXS4YHDkKvl1wkIl4V8DL'}, 'href': 'https://api.spotify.com/v1/artists/6PXS4YHDkKvl1wkIl4V8DL', 'id': '6PXS4YHDkKvl1wkIl4V8DL', 'name': 'Fetty Wap', 'type': 'artist', 'uri': 'spotify:artist:6PXS4YHDkKvl1wkIl4V8DL'}]",https://p.scdn.co/mp3-preview/093068d8d4c6966bc307439ec7c1e6008edceb38?cid=57daa17ab8e544dcab420c4b154c56d9
7LAhKXDNWwq3CmnFP3UIOP,Nightmare,"[{'external_urls': {'spotify': 'https://open.spotify.com/artist/4DdkRBBYG6Yk9Ka8tdJ9BW'}, 'href': 'https://api.spotify.com/v1/artists/4DdkRBBYG6Yk9Ka8tdJ9BW', 'id': '4DdkRBBYG6Yk9Ka8tdJ9BW', 'name': 'Offset', 'type': 'artist', 'uri': 'spotify:artist:4DdkRBBYG6Yk9Ka8tdJ9BW'}, {'external_urls': {'spotify': 'https://open.spotify.com/artist/0iEtIxbK0KxaSlF7G42ZOp'}, 'href': 'https://api.spotify.com/v1/artists/0iEtIxbK0KxaSlF7G42ZOp', 'id': '0iEtIxbK0KxaSlF7G42ZOp', 'name': 'Metro Boomin', 'type': 'artist', 'uri': 'spotify:artist:0iEtIxbK0KxaSlF7G42ZOp'}]",https://p.scdn.co/mp3-preview/fe5919c872201c663a761b0513da688775283287?cid=57daa17ab8e544dcab420c4b154c56d9
5fu9WzCJm7cKoU0zUrCfi3,Jump,"[{'external_urls': {'spotify': 'https://open.spotify.com/artist/01QTIT5P1pFP3QnnFSdsJf'}, 'href': 'https://api.spotify.com/v1/artists/01QTIT5P1pFP3QnnFSdsJf', 'id': '01QTIT5P1pFP3QnnFSdsJf', 'name': 'Lupe Fiasco', 'type': 'artist', 'uri': 'spotify:artist:01QTIT5P1pFP3QnnFSdsJf'}, {'external_urls': {'spotify': 'https://open.spotify.com/artist/1bV4v1Wc9eXohJz7GrOO4H'}, 'href': 'https://api.spotify.com/v1/artists/1bV4v1Wc9eXohJz7GrOO4H', 'id': '1bV4v1Wc9eXohJz7GrOO4H', 'name': 'Gizzle', 'type': 'artist', 'uri': 'spotify:artist:1bV4v1Wc9eXohJz7GrOO4H'}]",https://p.scdn.co/mp3-preview/3c89b07342cdb8da886e073186ea289922ed6e41?cid=57daa17ab8e544dcab420c4b154c56d9
1IAzD1muglOxOcPbUHs70R,Whatever You Like,"[{'external_urls': {'spotify': 'https://open.spotify.com/artist/4OBJLual30L7gRl5UkeRcT'}, 'href': 'https://api.spotify.com/v1/artists/4OBJLual30L7gRl5UkeRcT', 'id': '4OBJLual30L7gRl5UkeRcT', 'name': 'T.I.', 'type': 'artist', 'uri': 'spotify:artist:4OBJLual30L7gRl5UkeRcT'}]",https://p.scdn.co/mp3-preview/c82678be83d118b5d815dda0ecc00b5ad99e81e3?cid=57daa17ab8e544dcab420c4b154c56d9
0rBMP6VVGRgwnzZCLpijyl,Canal St. (feat. Bones),"[{'external_urls': {'spotify': 'https://open.spotify.com/artist/13ubrt8QOOCPljQ2FL1Kca'}, 'href': 'https://api.spotify.com/v1/artists/13ubrt8QOOCPljQ2FL1Kca', 'id': '13ubrt8QOOCPljQ2FL1Kca', 'name': 'A$AP Rocky', 'type': 'artist', 'uri': 'spotify:artist:13ubrt8QOOCPljQ2FL1Kca'}, {'external_urls': {'spotify': 'https://open.spotify.com/artist/5v2WhpA59TJSdPh7LCx1lN'}, 'href': 'https://api.spotify.com/v1/artists/5v2WhpA59TJSdPh7LCx1lN', 'id': '5v2WhpA59TJSdPh7LCx1lN', 'name': 'BONES', 'type': 'artist', 'uri': 'spotify:artist:5v2WhpA59TJSdPh7LCx1lN'}]",https://p.scdn.co/mp3-preview/bc4c3f41e7b0dc36aa5358a7759bf8e3921b63e1?cid=57daa17ab8e544dcab420c4b154c56d9
1v5cgIyffYtfEx0swttdoE,Bring Da Ruckus,"[{'external_urls': {'spotify': 'https://open.spotify.com/artist/34EP7KEpOjXcM2TCat1ISk'}, 'href': 'https://api.spotify.com/v1/artists/34EP7KEpOjXcM2TCat1ISk', 'id': '34EP7KEpOjXcM2TCat1ISk', 'name': 'Wu-Tang Clan', 'type': 'artist', 'uri': 'spotify:artist:34EP7KEpOjXcM2TCat1ISk'}]",https://p.scdn.co/mp3-preview/e5ac5724007e39543655a0aac4cfb1fd0e4744e3?cid=57daa17ab8e544dcab420c4b154c56d9
3ZLyt2ndLFBh148XRYjYYZ,All We Got (feat. Kanye West & Chicago Children's Choir),"[{'external_urls': {'spotify': 'https://open.spotify.com/artist/1anyVhU62p31KFi8MEzkbf'}, 'href': 'https://api.spotify.com/v1/artists/1anyVhU62p31KFi8MEzkbf', 'id': '1anyVhU62p31KFi8MEzkbf', 'name': 'Chance the Rapper', 'type': 'artist', 'uri': 'spotify:artist:1anyVhU62p31KFi8MEzkbf'}, {'external_urls': {'spotify': 'https://open.spotify.com/artist/5K4W6rqBFWDnAN6FQUkS6x'}, 'href': 'https://api.spotify.com/v1/artists/5K4W6rqBFWDnAN6FQUkS6x', 'id': '5K4W6rqBFWDnAN6FQUkS6x', 'name': 'Kanye West', 'type': 'artist', 'uri': 'spotify:artist:5K4W6rqBFWDnAN6FQUkS6x'}, {'external_urls': {'spotify': 'https://open.spotify.com/artist/6e64nPdtxyICfh90RJukpg'}, 'href': 'https://api.spotify.com/v1/artists/6e64nPdtxyICfh90RJukpg', 'id': '6e64nPdtxyICfh90RJukpg', 'name': ""Chicago Children's Choir"", 'type': 'artist', 'uri': 'spotify:artist:6e64nPdtxyICfh90RJukpg'}]",https://p.scdn.co/mp3-preview/c923136e7435cf39491ed17b031043d0bf811fe2?cid=57daa17ab8e544dcab420c4b154c56d9
5gx2E5aIXMRBellPZW1up5,"Pills & Automobiles (feat. Yo Gotti, A Boogie Wit Da Hoodie & Kodak Black)","[{'external_urls': {'spotify': 'https://open.spotify.com/artist/7bXgB6jMjp9ATFy66eO08Z'}, 'href': 'https://api.spotify.com/v1/artists/7bXgB6jMjp9ATFy66eO08Z', 'id': '7bXgB6jMjp9ATFy66eO08Z', 'name': 'Chris Brown', 'type': 'artist', 'uri': 'spotify:artist:7bXgB6jMjp9ATFy66eO08Z'}, {'external_urls': {'spotify': 'https://open.spotify.com/artist/6Ha4aES39QiVjR0L2lwuwq'}, 'href': 'https://api.spotify.com/v1/artists/6Ha4aES39QiVjR0L2lwuwq', 'id': '6Ha4aES39QiVjR0L2lwuwq', 'name': 'Yo Gotti', 'type': 'artist', 'uri': 'spotify:artist:6Ha4aES39QiVjR0L2lwuwq'}, {'external_urls': {'spotify': 'https://open.spotify.com/artist/31W5EY0aAly4Qieq6OFu6I'}, 'href': 'https://api.spotify.com/v1/artists/31W5EY0aAly4Qieq6OFu6I', 'id': '31W5EY0aAly4Qieq6OFu6I', 'name': 'A Boogie Wit da Hoodie', 'type': 'artist', 'uri': 'spotify:artist:31W5EY0aAly4Qieq6OFu6I'}, {'external_urls': {'spotify': 'https://open.spotify.com/artist/46SHBwWsqBkxI7EeeBEQG7'}, 'href': 'https://api.spotify.com/v1/artists/46SHBwWsqBkxI7EeeBEQG7', 'id': '46SHBwWsqBkxI7EeeBEQG7', 'name': 'Kodak Black', 'type': 'artist', 'uri': 'spotify:artist:46SHBwWsqBkxI7EeeBEQG7'}]",https://p.scdn.co/mp3-preview/c51406dacee65387c062bfc1fd7ff82f28ed7515?cid=57daa17ab8e544dcab420c4b154c56d9
5n5uyFpfopa4mNdSN0gTaH,Wing$,"[{'external_urls': {'spotify': 'https://open.spotify.com/artist/5BcAKTbp20cv7tC5VqPFoC'}, 'href': 'https://api.spotify.com/v1/artists/5BcAKTbp20cv7tC5VqPFoC', 'id': '5BcAKTbp20cv7tC5VqPFoC', 'name': 'Macklemore & Ryan Lewis', 'type': 'artist', 'uri': 'spotify:artist:5BcAKTbp20cv7tC5VqPFoC'}]",https://p.scdn.co/mp3-preview/c395f9bd916e0eedd760b83c54131f985e94598e?cid=57daa17ab8e544dcab420c4b154c56d9
14Ai4sTxWbQpNymhpQKuES,You Ain't a Killer,"[{'external_urls': {'spotify': 'https://open.spotify.com/artist/2Xu7q46Hf02xOoEIm4E1Qs'}, 'href': 'https://api.spotify.com/v1/artists/2Xu7q46Hf02xOoEIm4E1Qs', 'id': '2Xu7q46Hf02xOoEIm4E1Qs', 'name': 'Big Pun', 'type': 'artist', 'uri': 'spotify:artist:2Xu7q46Hf02xOoEIm4E1Qs'}]",https://p.scdn.co/mp3-preview/c2947366a2f4f7e9002a4a0bf1df0c0f337043f6?cid=57daa17ab8e544dcab420c4b154c56d9
6GAemDMWAXa8wZOBkO1gar,Buggin' Out,"[{'external_urls': {'spotify': 'https://open.spotify.com/artist/09hVIj6vWgoCDtT03h8ZCa'}, 'href': 'https://api.spotify.com/v1/artists/09hVIj6vWgoCDtT03h8ZCa', 'id': '09hVIj6vWgoCDtT03h8ZCa', 'name': 'A Tribe Called Quest', 'type': 'artist', 'uri': 'spotify:artist:09hVIj6vWgoCDtT03h8ZCa'}]",https://p.scdn.co/mp3-preview/71522856a060373689f4e58c8b7635a7b53eabb8?cid=57daa17ab8e544dcab420c4b154c56d9
1fnRwgZLgAYMM1dVL1oqwG,Real Hitta (feat. Kodak Black),"[{'external_urls': {'spotify': 'https://open.spotify.com/artist/3jksrX4oBklxR78ft8gv3j'}, 'href': 'https://api.spotify.com/v1/artists/3jksrX4oBklxR78ft8gv3j', 'id': '3jksrX4oBklxR78ft8gv3j', 'name': 'Plies', 'type': 'artist', 'uri': 'spotify:artist:3jksrX4oBklxR78ft8gv3j'}, {'external_urls': {'spotify': 'https://open.spotify.com/artist/46SHBwWsqBkxI7EeeBEQG7'}, 'href': 'https://api.spotify.com/v1/artists/46SHBwWsqBkxI7EeeBEQG7', 'id': '46SHBwWsqBkxI7EeeBEQG7', 'name': 'Kodak Black', 'type': 'artist', 'uri': 'spotify:artist:46SHBwWsqBkxI7EeeBEQG7'}]",https://p.scdn.co/mp3-preview/8b3136d9569114b8fd388076e39d84b67da51bf7?cid=57daa17ab8e544dcab420c4b154c56d9
564oa00vY05d1uYnTEAAmE,Herside Story,"[{'external_urls': {'spotify': 'https://open.spotify.com/artist/5XenQ7XfcvQdfIbpLEFaKQ'}, 'href': 'https://api.spotify.com/v1/artists/5XenQ7XfcvQdfIbpLEFaKQ', 'id': '5XenQ7XfcvQdfIbpLEFaKQ', 'name': 'GoldLink', 'type': 'artist', 'uri': 'spotify:artist:5XenQ7XfcvQdfIbpLEFaKQ'}, {'external_urls': {'spotify': 'https://open.spotify.com/artist/3OqgnoaUHWX4ih4oAL0zzQ'}, 'href': 'https://api.spotify.com/v1/artists/3OqgnoaUHWX4ih4oAL0zzQ', 'id': '3OqgnoaUHWX4ih4oAL0zzQ', 'name': 'Hare Squead', 'type': 'artist', 'uri': 'spotify:artist:3OqgnoaUHWX4ih4oAL0zzQ'}]",https://p.scdn.co/mp3-preview/dedafbcffbbc4f435f87f1515b7932960cd7278f?cid=57daa17ab8e544dcab420c4b154c56d9
5ZWwLNhwmJXM7yKZJ5sxN1,They Like (feat. YFN Lucci),"[{'external_urls': {'spotify': 'https://open.spotify.com/artist/6Ha4aES39QiVjR0L2lwuwq'}, 'href': 'https://api.spotify.com/v1/artists/6Ha4aES39QiVjR0L2lwuwq', 'id': '6Ha4aES39QiVjR0L2lwuwq', 'name': 'Yo Gotti', 'type': 'artist', 'uri': 'spotify:artist:6Ha4aES39QiVjR0L2lwuwq'}, {'external_urls': {'spotify': 'https://open.spotify.com/artist/5Berubt6ysOy2LCMyqhmXP'}, 'href': 'https://api.spotify.com/v1/artists/5Berubt6ysOy2LCMyqhmXP', 'id': '5Berubt6ysOy2LCMyqhmXP', 'name': 'YFN Lucci', 'type': 'artist', 'uri': 'spotify:artist:5Berubt6ysOy2LCMyqhmXP'}]",https://p.scdn.co/mp3-preview/632d14c65d49e99fa3f9a74bf55fbf69b76ebe11?cid=57daa17ab8e544dcab420c4b154c56d9
5WoaF1B5XIEnWfmb5NZikf,Sky Walker (feat. Travis Scott),"[{'external_urls': {'spotify': 'https://open.spotify.com/artist/360IAlyVv4PCEVjgyMZrxK'}, 'href': 'https://api.spotify.com/v1/artists/360IAlyVv4PCEVjgyMZrxK', 'id': '360IAlyVv4PCEVjgyMZrxK', 'name': 'Miguel', 'type': 'artist', 'uri': 'spotify:artist:360IAlyVv4PCEVjgyMZrxK'}, {'external_urls': {'spotify': 'https://open.spotify.com/artist/0Y5tJX1MQlPlqiwlOH1tJY'}, 'href': 'https://api.spotify.com/v1/artists/0Y5tJX1MQlPlqiwlOH1tJY', 'id': '0Y5tJX1MQlPlqiwlOH1tJY', 'name': 'Travis Scott', 'type': 'artist', 'uri': 'spotify:artist:0Y5tJX1MQlPlqiwlOH1tJY'}]",https://p.scdn.co/mp3-preview/346fef42d6f419f25ce78866478f3d06637b05b4?cid=57daa17ab8e544dcab420c4b154c56d9
6bUNEbXT7HovLW6BgPCBsb,Roses,"[{'external_urls': {'spotify': 'https://open.spotify.com/artist/1G9G7WwrXka3Z1r7aIDjI7'}, 'href': 'https://api.spotify.com/v1/artists/1G9G7WwrXka3Z1r7aIDjI7', 'id': '1G9G7WwrXka3Z1r7aIDjI7', 'name': 'OutKast', 'type': 'artist', 'uri': 'spotify:artist:1G9G7WwrXka3Z1r7aIDjI7'}]",https://p.scdn.co/mp3-preview/7885d31300d2c9470d7638b1437478294edeed26?cid=57daa17ab8e544dcab420c4b154c56d9
42zd6DYQ4o4SECmTITrM1U,Dreams and Nightmares,"[{'external_urls': {'spotify': 'https://open.spotify.com/artist/20sxb77xiYeusSH8cVdatc'}, 'href': 'https://api.spotify.com/v1/artists/20sxb77xiYeusSH8cVdatc', 'id': '20sxb77xiYeusSH8cVdatc', 'name': 'Meek Mill', 'type': 'artist', 'uri': 'spotify:artist:20sxb77xiYeusSH8cVdatc'}]",https://p.scdn.co/mp3-preview/0db98157e32847aa497c83bbc3e448b9f49d91be?cid=57daa17ab8e544dcab420c4b154c56d9
422lAAWQO9TqL1LxIPdhOn,Random,"[{'external_urls': {'spotify': 'https://open.spotify.com/artist/02kJSzxNuaWGqwubyUba0Z'}, 'href': 'https://api.spotify.com/v1/artists/02kJSzxNuaWGqwubyUba0Z', 'id': '02kJSzxNuaWGqwubyUba0Z', 'name': 'G-Eazy', 'type': 'artist', 'uri': 'spotify:artist:02kJSzxNuaWGqwubyUba0Z'}]",https://p.scdn.co/mp3-preview/104b3d3ff431f9d7b3a68ef43ac9cad22fa3883e?cid=57daa17ab8e544dcab420c4b154c56d9
0Altlm3kLPob56k2qqR4i2,Money and the Power,"[{'external_urls': {'spotify': 'https://open.spotify.com/artist/6KZDXtSj0SzGOV705nNeh3'}, 'href': 'https://api.spotify.com/v1/artists/6KZDXtSj0SzGOV705nNeh3', 'id': '6KZDXtSj0SzGOV705nNeh3', 'name': 'Kid Ink', 'type': 'artist', 'uri': 'spotify:artist:6KZDXtSj0SzGOV705nNeh3'}]",https://p.scdn.co/mp3-preview/fa3cfc2b25fb07b5baeb668cb526c519c04c5811?cid=57daa17ab8e544dcab420c4b154c56d9
2of5xn0GU0TdFneR1saRLH,To the Max (feat. Drake),"[{'external_urls': {'spotify': 'https://open.spotify.com/artist/0QHgL1lAIqAw0HtD7YldmP'}, 'href': 'https://api.spotify.com/v1/artists/0QHgL1lAIqAw0HtD7YldmP', 'id': '0QHgL1lAIqAw0HtD7YldmP', 'name': 'DJ Khaled', 'type': 'artist', 'uri': 'spotify:artist:0QHgL1lAIqAw0HtD7YldmP'}, {'external_urls': {'spotify': 'https://open.spotify.com/artist/3TVXtAsR1Inumwj472S9r4'}, 'href': 'https://api.spotify.com/v1/artists/3TVXtAsR1Inumwj472S9r4', 'id': '3TVXtAsR1Inumwj472S9r4', 'name': 'Drake', 'type': 'artist', 'uri': 'spotify:artist:3TVXtAsR1Inumwj472S9r4'}]",https://p.scdn.co/mp3-preview/571b7ef5b1b1661a975219239bfc9d5c17249355?cid=57daa17ab8e544dcab420c4b154c56d9
0B8drtTSp68pZdkmVrG9ZA,Twinz (Deep Cover 98) (feat. Fat Joe),"[{'external_urls': {'spotify': 'https://open.spotify.com/artist/2Xu7q46Hf02xOoEIm4E1Qs'}, 'href': 'https://api.spotify.com/v1/artists/2Xu7q46Hf02xOoEIm4E1Qs', 'id': '2Xu7q46Hf02xOoEIm4E1Qs', 'name': 'Big Pun', 'type': 'artist', 'uri': 'spotify:artist:2Xu7q46Hf02xOoEIm4E1Qs'}, {'external_urls': {'spotify': 'https://open.spotify.com/artist/3ScY9CQxNLQei8Umvpx5g6'}, 'href': 'https://api.spotify.com/v1/artists/3ScY9CQxNLQei8Umvpx5g6', 'id': '3ScY9CQxNLQei8Umvpx5g6', 'name': 'Fat Joe', 'type': 'artist', 'uri': 'spotify:artist:3ScY9CQxNLQei8Umvpx5g6'}]",https://p.scdn.co/mp3-preview/790ab77efb015671da4cb07d6b4f806ba2c3b5aa?cid=57daa17ab8e544dcab420c4b154c56d9
5uQOauh47VFt3B2kV9kRXw,My Shit,"[{'external_urls': {'spotify': 'https://open.spotify.com/artist/31W5EY0aAly4Qieq6OFu6I'}, 'href': 'https://api.spotify.com/v1/artists/31W5EY0aAly4Qieq6OFu6I', 'id': '31W5EY0aAly4Qieq6OFu6I', 'name': 'A Boogie Wit da Hoodie', 'type': 'artist', 'uri': 'spotify:artist:31W5EY0aAly4Qieq6OFu6I'}]",https://p.scdn.co/mp3-preview/598e62d3df18d37b8714f2377ddbb2d7b41083fd?cid=57daa17ab8e544dcab420c4b154c56d9
5LN1B9uVAVleCZ2euGarvi,MVP,"[{'external_urls': {'spotify': 'https://open.spotify.com/artist/30fiiwr2EeZp1tAhzYCmyM'}, 'href': 'https://api.spotify.com/v1/artists/30fiiwr2EeZp1tAhzYCmyM', 'id': '30fiiwr2EeZp1tAhzYCmyM', 'name': 'Big L', 'type': 'artist', 'uri': 'spotify:artist:30fiiwr2EeZp1tAhzYCmyM'}]",https://p.scdn.co/mp3-preview/da5feaf26b51df900c712b6eb30b89a023b211b2?cid=57daa17ab8e544dcab420c4b154c56d9
5W9QCBJ6Em0XWX333YrNhc,Rent Money,"[{'external_urls': {'spotify': 'https://open.spotify.com/artist/1RyvyyTE3xzB2ZywiAwp0i'}, 'href': 'https://api.spotify.com/v1/artists/1RyvyyTE3xzB2ZywiAwp0i', 'id': '1RyvyyTE3xzB2ZywiAwp0i', 'name': 'Future', 'type': 'artist', 'uri': 'spotify:artist:1RyvyyTE3xzB2ZywiAwp0i'}]",https://p.scdn.co/mp3-preview/f4ea33a70af51695803d4e95b26e7e8459aa38d2?cid=57daa17ab8e544dcab420c4b154c56d9
5p7GiBZNL1afJJDUrOA6C8,Hurt Feelings,"[{'external_urls': {'spotify': 'https://open.spotify.com/artist/4LLpKhyESsyAXpc4laK94U'}, 'href': 'https://api.spotify.com/v1/artists/4LLpKhyESsyAXpc4laK94U', 'id': '4LLpKhyESsyAXpc4laK94U', 'name': 'Mac Miller', 'type': 'artist', 'uri': 'spotify:artist:4LLpKhyESsyAXpc4laK94U'}]",https://p.scdn.co/mp3-preview/3f3bb12e4f55cd06cdc3829a1f7f02bd11616422?cid=57daa17ab8e544dcab420c4b154c56d9
0chpIFSjgfd1CPrAxM7PWp,No Rest,"[{'external_urls': {'spotify': 'https://open.spotify.com/artist/7d3WFRME3vBY2cgoP38RDo'}, 'href': 'https://api.spotify.com/v1/artists/7d3WFRME3vBY2cgoP38RDo', 'id': '7d3WFRME3vBY2cgoP38RDo', 'name': 'Lil Skies', 'type': 'artist', 'uri': 'spotify:artist:7d3WFRME3vBY2cgoP38RDo'}]",https://p.scdn.co/mp3-preview/15b5379bab40caf456a227adcb410a8ab4e7dbef?cid=57daa17ab8e544dcab420c4b154c56d9
7GX5flRQZVHRAGd6B4TmDO,XO Tour Llif3,"[{'external_urls': {'spotify': 'https://open.spotify.com/artist/4O15NlyKLIASxsJ0PrXPfz'}, 'href': 'https://api.spotify.com/v1/artists/4O15NlyKLIASxsJ0PrXPfz', 'id': '4O15NlyKLIASxsJ0PrXPfz', 'name': 'Lil Uzi Vert', 'type': 'artist', 'uri': 'spotify:artist:4O15NlyKLIASxsJ0PrXPfz'}]",https://p.scdn.co/mp3-preview/7add10ee576e9017030c09aa6d8bcaf682714859?cid=57daa17ab8e544dcab420c4b154c56d9
49VzL5oBsUICN7U34T98b9,Instinct (feat. MadeinTYO),"[{'external_urls': {'spotify': 'https://open.spotify.com/artist/7mDU6nMUJnOSY2Hkjz5oqM'}, 'href': 'https://api.spotify.com/v1/artists/7mDU6nMUJnOSY2Hkjz5oqM', 'id': '7mDU6nMUJnOSY2Hkjz5oqM', 'name': 'Roy Woods', 'type': 'artist', 'uri': 'spotify:artist:7mDU6nMUJnOSY2Hkjz5oqM'}, {'external_urls': {'spotify': 'https://open.spotify.com/artist/5SyGEPymt1G2uto47tVWvZ'}, 'href': 'https://api.spotify.com/v1/artists/5SyGEPymt1G2uto47tVWvZ', 'id': '5SyGEPymt1G2uto47tVWvZ', 'name': 'MadeinTYO', 'type': 'artist', 'uri': 'spotify:artist:5SyGEPymt1G2uto47tVWvZ'}]",https://p.scdn.co/mp3-preview/763e76af405c851dd9f057706e39be8831f5dc11?cid=57daa17ab8e544dcab420c4b154c56d9
3wUX7HpXS382s1DHTRouVk,We The People....,"[{'external_urls': {'spotify': 'https://open.spotify.com/artist/09hVIj6vWgoCDtT03h8ZCa'}, 'href': 'https://api.spotify.com/v1/artists/09hVIj6vWgoCDtT03h8ZCa', 'id': '09hVIj6vWgoCDtT03h8ZCa', 'name': 'A Tribe Called Quest', 'type': 'artist', 'uri': 'spotify:artist:09hVIj6vWgoCDtT03h8ZCa'}]",https://p.scdn.co/mp3-preview/33d620e9e6fc1896f1c8bd6292b325f05030aad1?cid=57daa17ab8e544dcab420c4b154c56d9
7KZ5MMVgBVox9ycroB2UrI,CAROUSEL,"[{'external_urls': {'spotify': 'https://open.spotify.com/artist/0Y5tJX1MQlPlqiwlOH1tJY'}, 'href': 'https://api.spotify.com/v1/artists/0Y5tJX1MQlPlqiwlOH1tJY', 'id': '0Y5tJX1MQlPlqiwlOH1tJY', 'name': 'Travis Scott', 'type': 'artist', 'uri': 'spotify:artist:0Y5tJX1MQlPlqiwlOH1tJY'}]",https://p.scdn.co/mp3-preview/69dfdc414369c7102e805c5590eedea182d29116?cid=57daa17ab8e544dcab420c4b154c56d9
5tRmoZRoupvMYPV1oezFrH,X,"[{'external_urls': {'spotify': 'https://open.spotify.com/artist/4O15NlyKLIASxsJ0PrXPfz'}, 'href': 'https://api.spotify.com/v1/artists/4O15NlyKLIASxsJ0PrXPfz', 'id': '4O15NlyKLIASxsJ0PrXPfz', 'name': 'Lil Uzi Vert', 'type': 'artist', 'uri': 'spotify:artist:4O15NlyKLIASxsJ0PrXPfz'}]",https://p.scdn.co/mp3-preview/1af353e7a8aa3d0397371ddde68334960ab57491?cid=57daa17ab8e544dcab420c4b154c56d9
30eW6IlBK3wCwcB8TsPXua,Hip 2 Da Game,"[{'external_urls': {'spotify': 'https://open.spotify.com/artist/1C6G15UmVQMDGpYbdsf1Oi'}, 'href': 'https://api.spotify.com/v1/artists/1C6G15UmVQMDGpYbdsf1Oi', 'id': '1C6G15UmVQMDGpYbdsf1Oi', 'name': 'Lord Finesse', 'type': 'artist', 'uri': 'spotify:artist:1C6G15UmVQMDGpYbdsf1Oi'}]",https://p.scdn.co/mp3-preview/d41781147dfc29ca750aff4cf6c6c0017ab35e6e?cid=57daa17ab8e544dcab420c4b154c56d9
0Ws8D3EWUDgY962Xftb0h5,"Cash Out (feat. ScHoolboy Q, PARTYNEXTDOOR & D.R.A.M.)","[{'external_urls': {'spotify': 'https://open.spotify.com/artist/7CajNmpbOovFoOoasH2HaY'}, 'href': 'https://api.spotify.com/v1/artists/7CajNmpbOovFoOoasH2HaY', 'id': '7CajNmpbOovFoOoasH2HaY', 'name': 'Calvin Harris', 'type': 'artist', 'uri': 'spotify:artist:7CajNmpbOovFoOoasH2HaY'}, {'external_urls': {'spotify': 'https://open.spotify.com/artist/5IcR3N7QB1j6KBL8eImZ8m'}, 'href': 'https://api.spotify.com/v1/artists/5IcR3N7QB1j6KBL8eImZ8m', 'id': '5IcR3N7QB1j6KBL8eImZ8m', 'name': 'ScHoolboy Q', 'type': 'artist', 'uri': 'spotify:artist:5IcR3N7QB1j6KBL8eImZ8m'}, {'external_urls': {'spotify': 'https://open.spotify.com/artist/2HPaUgqeutzr3jx5a9WyDV'}, 'href': 'https://api.spotify.com/v1/artists/2HPaUgqeutzr3jx5a9WyDV', 'id': '2HPaUgqeutzr3jx5a9WyDV', 'name': 'PARTYNEXTDOOR', 'type': 'artist', 'uri': 'spotify:artist:2HPaUgqeutzr3jx5a9WyDV'}, {'external_urls': {'spotify': 'https://open.spotify.com/artist/5M0lbkGluOPXLeFjApw8r8'}, 'href': 'https://api.spotify.com/v1/artists/5M0lbkGluOPXLeFjApw8r8', 'id': '5M0lbkGluOPXLeFjApw8r8', 'name': 'Shelley FKA DRAM', 'type': 'artist', 'uri': 'spotify:artist:5M0lbkGluOPXLeFjApw8r8'}, {'external_urls': {'spotify': 'https://open.spotify.com/artist/4A0TivfinfALCAMJqqjZIk'}, 'href': 'https://api.spotify.com/v1/artists/4A0TivfinfALCAMJqqjZIk', 'id': '4A0TivfinfALCAMJqqjZIk', 'name': 'Funk Wav', 'type': 'artist', 'uri': 'spotify:artist:4A0TivfinfALCAMJqqjZIk'}]",https://p.scdn.co/mp3-preview/6dc54b40c3664b8bda6ad60f5c63675e59485949?cid=57daa17ab8e544dcab420c4b154c56d9
3VCYe6mCXebBgcfzaxCVNI,Both (feat. Drake & Lil Wayne) - Remix,"[{'external_urls': {'spotify': 'https://open.spotify.com/artist/13y7CgLHjMVRMDqxdx0Xdo'}, 'href': 'https://api.spotify.com/v1/artists/13y7CgLHjMVRMDqxdx0Xdo', 'id': '13y7CgLHjMVRMDqxdx0Xdo', 'name': 'Gucci Mane', 'type': 'artist', 'uri': 'spotify:artist:13y7CgLHjMVRMDqxdx0Xdo'}, {'external_urls': {'spotify': 'https://open.spotify.com/artist/3TVXtAsR1Inumwj472S9r4'}, 'href': 'https://api.spotify.com/v1/artists/3TVXtAsR1Inumwj472S9r4', 'id': '3TVXtAsR1Inumwj472S9r4', 'name': 'Drake', 'type': 'artist', 'uri': 'spotify:artist:3TVXtAsR1Inumwj472S9r4'}, {'external_urls': {'spotify': 'https://open.spotify.com/artist/55Aa2cqylxrFIXC767Z865'}, 'href': 'https://api.spotify.com/v1/artists/55Aa2cqylxrFIXC767Z865', 'id': '55Aa2cqylxrFIXC767Z865', 'name': 'Lil Wayne', 'type': 'artist', 'uri': 'spotify:artist:55Aa2cqylxrFIXC767Z865'}]",https://p.scdn.co/mp3-preview/ee313255e19b85acaaf883fef0c1698f7dfe37cd?cid=57daa17ab8e544dcab420c4b154c56d9
4gFXY5yvHayGckJndafYQE,Buy U a Drank (Shawty Snappin') (feat. Yung Joc),"[{'external_urls': {'spotify': 'https://open.spotify.com/artist/3aQeKQSyrW4qWr35idm0cy'}, 'href': 'https://api.spotify.com/v1/artists/3aQeKQSyrW4qWr35idm0cy', 'id': '3aQeKQSyrW4qWr35idm0cy', 'name': 'T-Pain', 'type': 'artist', 'uri': 'spotify:artist:3aQeKQSyrW4qWr35idm0cy'}, {'external_urls': {'spotify': 'https://open.spotify.com/artist/23LbwefIODbyGdRbAz3urj'}, 'href': 'https://api.spotify.com/v1/artists/23LbwefIODbyGdRbAz3urj', 'id': '23LbwefIODbyGdRbAz3urj', 'name': 'Yung Joc', 'type': 'artist', 'uri': 'spotify:artist:23LbwefIODbyGdRbAz3urj'}]",https://p.scdn.co/mp3-preview/b47bb06b997c0642dfa89b8803de1755d0a6f4de?cid=57daa17ab8e544dcab420c4b154c56d9
34oWbFBfGEElvgO0a5c9V4,No Flockin',"[{'external_urls': {'spotify': 'https://open.spotify.com/artist/46SHBwWsqBkxI7EeeBEQG7'}, 'href': 'https://api.spotify.com/v1/artists/46SHBwWsqBkxI7EeeBEQG7', 'id': '46SHBwWsqBkxI7EeeBEQG7', 'name': 'Kodak Black', 'type': 'artist', 'uri': 'spotify:artist:46SHBwWsqBkxI7EeeBEQG7'}]",https://p.scdn.co/mp3-preview/ab8322b29b28cd0610593ddf7f736631c8bbfca8?cid=57daa17ab8e544dcab420c4b154c56d9
31bf9SEOppLU6lQ85d8om6,Ghetto Supastar (That is What You Are) (feat. Ol' Dirty Bastard & Mýa),"[{'external_urls': {'spotify': 'https://open.spotify.com/artist/0kJMPTXq7h3ztpDukSx5iD'}, 'href': 'https://api.spotify.com/v1/artists/0kJMPTXq7h3ztpDukSx5iD', 'id': '0kJMPTXq7h3ztpDukSx5iD', 'name': 'Pras', 'type': 'artist', 'uri': 'spotify:artist:0kJMPTXq7h3ztpDukSx5iD'}, {'external_urls': {'spotify': 'https://open.spotify.com/artist/50NoVNy9GU1lCrDV8iGpyu'}, 'href': 'https://api.spotify.com/v1/artists/50NoVNy9GU1lCrDV8iGpyu', 'id': '50NoVNy9GU1lCrDV8iGpyu', 'name': ""Ol' Dirty Bastard"", 'type': 'artist', 'uri': 'spotify:artist:50NoVNy9GU1lCrDV8iGpyu'}, {'external_urls': {'spotify': 'https://open.spotify.com/artist/6lHL3ubAMgSasKjNqKb8HF'}, 'href': 'https://api.spotify.com/v1/artists/6lHL3ubAMgSasKjNqKb8HF', 'id': '6lHL3ubAMgSasKjNqKb8HF', 'name': 'Mýa', 'type': 'artist', 'uri': 'spotify:artist:6lHL3ubAMgSasKjNqKb8HF'}]",https://p.scdn.co/mp3-preview/32c13458bc781854a49a087d93b3947acee26cc3?cid=57daa17ab8e544dcab420c4b154c56d9
6pGuOWYOFDcSgmVvFWRWSv,The Flute Song,"[{'external_urls': {'spotify': 'https://open.spotify.com/artist/1z7b1Pr1rSlvWRzsW3HOrS'}, 'href': 'https://api.spotify.com/v1/artists/1z7b1Pr1rSlvWRzsW3HOrS', 'id': '1z7b1Pr1rSlvWRzsW3HOrS', 'name': 'Russ', 'type': 'artist', 'uri': 'spotify:artist:1z7b1Pr1rSlvWRzsW3HOrS'}]",https://p.scdn.co/mp3-preview/6b9988cf7aba1ca5793b417eb07edfff81312fa8?cid=57daa17ab8e544dcab420c4b154c56d9
4hBP52kkuHWfdVJ2a1o2aK,I'm Sprung (feat. Kool Savas) - German Remix,"[{'external_urls': {'spotify': 'https://open.spotify.com/artist/3aQeKQSyrW4qWr35idm0cy'}, 'href': 'https://api.spotify.com/v1/artists/3aQeKQSyrW4qWr35idm0cy', 'id': '3aQeKQSyrW4qWr35idm0cy', 'name': 'T-Pain', 'type': 'artist', 'uri': 'spotify:artist:3aQeKQSyrW4qWr35idm0cy'}, {'external_urls': {'spotify': 'https://open.spotify.com/artist/1SUu1Bi7ev9HbOzyVC77qD'}, 'href': 'https://api.spotify.com/v1/artists/1SUu1Bi7ev9HbOzyVC77qD', 'id': '1SUu1Bi7ev9HbOzyVC77qD', 'name': 'Kool Savas', 'type': 'artist', 'uri': 'spotify:artist:1SUu1Bi7ev9HbOzyVC77qD'}]",https://p.scdn.co/mp3-preview/aeb9009c05c850e7a317c31c36fc64644fdda586?cid=57daa17ab8e544dcab420c4b154c56d9
1t4pPnbkOjzoA5RvsDjvUU,1999 WILDFIRE,"[{'external_urls': {'spotify': 'https://open.spotify.com/artist/1Bl6wpkWCQ4KVgnASpvzzA'}, 'href': 'https://api.spotify.com/v1/artists/1Bl6wpkWCQ4KVgnASpvzzA', 'id': '1Bl6wpkWCQ4KVgnASpvzzA', 'name': 'BROCKHAMPTON', 'type': 'artist', 'uri': 'spotify:artist:1Bl6wpkWCQ4KVgnASpvzzA'}]",https://p.scdn.co/mp3-preview/43b8aeb423c5f954404a3f54dba0126711ed8ddd?cid=57daa17ab8e544dcab420c4b154c56d9
2hJWZvTw4QVBwC14ZNs1Ib,Flex Like Ouu,"[{'external_urls': {'spotify': 'https://open.spotify.com/artist/3wyVrVrFCkukjdVIdirGVY'}, 'href': 'https://api.spotify.com/v1/artists/3wyVrVrFCkukjdVIdirGVY', 'id': '3wyVrVrFCkukjdVIdirGVY', 'name': 'Lil Pump', 'type': 'artist', 'uri': 'spotify:artist:3wyVrVrFCkukjdVIdirGVY'}]",https://p.scdn.co/mp3-preview/1afcb05d94f68a568f11ef03fec3844f0c7534c4?cid=57daa17ab8e544dcab420c4b154c56d9
1u0CD4fcBUB1xrG9fNgejh,Clout (feat. 21 Savage),"[{'external_urls': {'spotify': 'https://open.spotify.com/artist/7c0XG5cIJTrrAgEC3ULPiq'}, 'href': 'https://api.spotify.com/v1/artists/7c0XG5cIJTrrAgEC3ULPiq', 'id': '7c0XG5cIJTrrAgEC3ULPiq', 'name': 'Ty Dolla $ign', 'type': 'artist', 'uri': 'spotify:artist:7c0XG5cIJTrrAgEC3ULPiq'}, {'external_urls': {'spotify': 'https://open.spotify.com/artist/1URnnhqYAYcrqrcwql10ft'}, 'href': 'https://api.spotify.com/v1/artists/1URnnhqYAYcrqrcwql10ft', 'id': '1URnnhqYAYcrqrcwql10ft', 'name': '21 Savage', 'type': 'artist', 'uri': 'spotify:artist:1URnnhqYAYcrqrcwql10ft'}]",https://p.scdn.co/mp3-preview/3bd658aae3afdbfd4c7ff3989809d43b9676dcf2?cid=57daa17ab8e544dcab420c4b154c56d9
5MYFw4T2gy52pOGBN4EYHS,"Stay Fly (feat. Young Buck, Eightball & MJG)","[{'external_urls': {'spotify': 'https://open.spotify.com/artist/26s8LSolLfCIY88ysQbIuT'}, 'href': 'https://api.spotify.com/v1/artists/26s8LSolLfCIY88ysQbIuT', 'id': '26s8LSolLfCIY88ysQbIuT', 'name': 'Three 6 Mafia', 'type': 'artist', 'uri': 'spotify:artist:26s8LSolLfCIY88ysQbIuT'}, {'external_urls': {'spotify': 'https://open.spotify.com/artist/4pr7J7wzgObkE3DD3Izi7q'}, 'href': 'https://api.spotify.com/v1/artists/4pr7J7wzgObkE3DD3Izi7q', 'id': '4pr7J7wzgObkE3DD3Izi7q', 'name': 'Young Buck', 'type': 'artist', 'uri': 'spotify:artist:4pr7J7wzgObkE3DD3Izi7q'}, {'external_urls': {'spotify': 'https://open.spotify.com/artist/6B16XZWuJ9VERn7pXxCIda'}, 'href': 'https://api.spotify.com/v1/artists/6B16XZWuJ9VERn7pXxCIda', 'id': '6B16XZWuJ9VERn7pXxCIda', 'name': '8Ball', 'type': 'artist', 'uri': 'spotify:artist:6B16XZWuJ9VERn7pXxCIda'}, {'external_urls': {'spotify': 'https://open.spotify.com/artist/6pDFdYZARPitpkfm44UsOQ'}, 'href': 'https://api.spotify.com/v1/artists/6pDFdYZARPitpkfm44UsOQ', 'id': '6pDFdYZARPitpkfm44UsOQ', 'name': 'MJG', 'type': 'artist', 'uri': 'spotify:artist:6pDFdYZARPitpkfm44UsOQ'}]",https://p.scdn.co/mp3-preview/4732cd108f1f83fde15822e54261f3f648d443fe?cid=57daa17ab8e544dcab420c4b154c56d9
445YTBOjx9kYThBepGA9au,Family Don't Matter (feat. Millie Go Lightly),"[{'external_urls': {'spotify': 'https://open.spotify.com/artist/50co4Is1HCEo8bhOyUWKpn'}, 'href': 'https://api.spotify.com/v1/artists/50co4Is1HCEo8bhOyUWKpn', 'id': '50co4Is1HCEo8bhOyUWKpn', 'name': 'Young Thug', 'type': 'artist', 'uri': 'spotify:artist:50co4Is1HCEo8bhOyUWKpn'}, {'external_urls': {'spotify': 'https://open.spotify.com/artist/3eSQPLy8hktGQTGSVB51lD'}, 'href': 'https://api.spotify.com/v1/artists/3eSQPLy8hktGQTGSVB51lD', 'id': '3eSQPLy8hktGQTGSVB51lD', 'name': 'Millie Go Lightly', 'type': 'artist', 'uri': 'spotify:artist:3eSQPLy8hktGQTGSVB51lD'}]",https://p.scdn.co/mp3-preview/8136ccf7dd63cc7697e47f662fbb2ae3d545dcf3?cid=57daa17ab8e544dcab420c4b154c56d9
6SI4JD7iyQ0rrudhCNtMv0,"Ice Cream (feat. Ghostface Killah, Method Man & Cappadonna)","[{'external_urls': {'spotify': 'https://open.spotify.com/artist/2yQf6b8hxahZaT5dHlWaB1'}, 'href': 'https://api.spotify.com/v1/artists/2yQf6b8hxahZaT5dHlWaB1', 'id': '2yQf6b8hxahZaT5dHlWaB1', 'name': 'Raekwon', 'type': 'artist', 'uri': 'spotify:artist:2yQf6b8hxahZaT5dHlWaB1'}, {'external_urls': {'spotify': 'https://open.spotify.com/artist/6FD0unjzGQhX3b6eMccMJe'}, 'href': 'https://api.spotify.com/v1/artists/6FD0unjzGQhX3b6eMccMJe', 'id': '6FD0unjzGQhX3b6eMccMJe', 'name': 'Ghostface Killah', 'type': 'artist', 'uri': 'spotify:artist:6FD0unjzGQhX3b6eMccMJe'}, {'external_urls': {'spotify': 'https://open.spotify.com/artist/4VmEWwd8y9MCLwexFMdpwt'}, 'href': 'https://api.spotify.com/v1/artists/4VmEWwd8y9MCLwexFMdpwt', 'id': '4VmEWwd8y9MCLwexFMdpwt', 'name': 'Method Man', 'type': 'artist', 'uri': 'spotify:artist:4VmEWwd8y9MCLwexFMdpwt'}, {'external_urls': {'spotify': 'https://open.spotify.com/artist/0dS5xeDefwoUNasLUHnCjR'}, 'href': 'https://api.spotify.com/v1/artists/0dS5xeDefwoUNasLUHnCjR', 'id': '0dS5xeDefwoUNasLUHnCjR', 'name': 'Cappadonna', 'type': 'artist', 'uri': 'spotify:artist:0dS5xeDefwoUNasLUHnCjR'}]",https://p.scdn.co/mp3-preview/ccdc7b9141911228e4f0794e90e95616739db7e0?cid=57daa17ab8e544dcab420c4b154c56d9
7KA4W4McWYRpgf0fWsJZWB,See You Again (feat. Kali Uchis),"[{'external_urls': {'spotify': 'https://open.spotify.com/artist/4V8LLVI7PbaPR0K2TGSxFF'}, 'href': 'https://api.spotify.com/v1/artists/4V8LLVI7PbaPR0K2TGSxFF', 'id': '4V8LLVI7PbaPR0K2TGSxFF', 'name': 'Tyler, The Creator', 'type': 'artist', 'uri': 'spotify:artist:4V8LLVI7PbaPR0K2TGSxFF'}, {'external_urls': {'spotify': 'https://open.spotify.com/artist/1U1el3k54VvEUzo3ybLPlM'}, 'href': 'https://api.spotify.com/v1/artists/1U1el3k54VvEUzo3ybLPlM', 'id': '1U1el3k54VvEUzo3ybLPlM', 'name': 'Kali Uchis', 'type': 'artist', 'uri': 'spotify:artist:1U1el3k54VvEUzo3ybLPlM'}]",https://p.scdn.co/mp3-preview/e9e8d9fce04ab59c61ed9708d9bee03910d5e205?cid=57daa17ab8e544dcab420c4b154c56d9
5VnpYqIzm02X9gOhVElQo3,"Telephone Calls (feat. A$AP Rocky, Tyler, The Creator, Playboi Carti & Yung Gleesh)","[{'external_urls': {'spotify': 'https://open.spotify.com/artist/7yO4IdJjCEPz7YgZMe25iS'}, 'href': 'https://api.spotify.com/v1/artists/7yO4IdJjCEPz7YgZMe25iS', 'id': '7yO4IdJjCEPz7YgZMe25iS', 'name': 'A$AP Mob', 'type': 'artist', 'uri': 'spotify:artist:7yO4IdJjCEPz7YgZMe25iS'}, {'external_urls': {'spotify': 'https://open.spotify.com/artist/13ubrt8QOOCPljQ2FL1Kca'}, 'href': 'https://api.spotify.com/v1/artists/13ubrt8QOOCPljQ2FL1Kca', 'id': '13ubrt8QOOCPljQ2FL1Kca', 'name': 'A$AP Rocky', 'type': 'artist', 'uri': 'spotify:artist:13ubrt8QOOCPljQ2FL1Kca'}, {'external_urls': {'spotify': 'https://open.spotify.com/artist/4V8LLVI7PbaPR0K2TGSxFF'}, 'href': 'https://api.spotify.com/v1/artists/4V8LLVI7PbaPR0K2TGSxFF', 'id': '4V8LLVI7PbaPR0K2TGSxFF', 'name': 'Tyler, The Creator', 'type': 'artist', 'uri': 'spotify:artist:4V8LLVI7PbaPR0K2TGSxFF'}, {'external_urls': {'spotify': 'https://open.spotify.com/artist/699OTQXzgjhIYAHMy9RyPD'}, 'href': 'https://api.spotify.com/v1/artists/699OTQXzgjhIYAHMy9RyPD', 'id': '699OTQXzgjhIYAHMy9RyPD', 'name': 'Playboi Carti', 'type': 'artist', 'uri': 'spotify:artist:699OTQXzgjhIYAHMy9RyPD'}, {'external_urls': {'spotify': 'https://open.spotify.com/artist/2TD63ASEB2JcYY3C4KWJjz'}, 'href': 'https://api.spotify.com/v1/artists/2TD63ASEB2JcYY3C4KWJjz', 'id': '2TD63ASEB2JcYY3C4KWJjz', 'name': 'Yung Gleesh', 'type': 'artist', 'uri': 'spotify:artist:2TD63ASEB2JcYY3C4KWJjz'}]",https://p.scdn.co/mp3-preview/fae674d70bda38c528c12f7fa311ec84e74ed990?cid=57daa17ab8e544dcab420c4b154c56d9
794QVQtFNy7hvtjQP1keQd,1942 (feat. Yo Gotti & YBN Nahmir),"[{'external_urls': {'spotify': 'https://open.spotify.com/artist/02kJSzxNuaWGqwubyUba0Z'}, 'href': 'https://api.spotify.com/v1/artists/02kJSzxNuaWGqwubyUba0Z', 'id': '02kJSzxNuaWGqwubyUba0Z', 'name': 'G-Eazy', 'type': 'artist', 'uri': 'spotify:artist:02kJSzxNuaWGqwubyUba0Z'}, {'external_urls': {'spotify': 'https://open.spotify.com/artist/6Ha4aES39QiVjR0L2lwuwq'}, 'href': 'https://api.spotify.com/v1/artists/6Ha4aES39QiVjR0L2lwuwq', 'id': '6Ha4aES39QiVjR0L2lwuwq', 'name': 'Yo Gotti', 'type': 'artist', 'uri': 'spotify:artist:6Ha4aES39QiVjR0L2lwuwq'}, {'external_urls': {'spotify': 'https://open.spotify.com/artist/3gGUMEwIX6XodWsYEvKSal'}, 'href': 'https://api.spotify.com/v1/artists/3gGUMEwIX6XodWsYEvKSal', 'id': '3gGUMEwIX6XodWsYEvKSal', 'name': 'YBN Nahmir', 'type': 'artist', 'uri': 'spotify:artist:3gGUMEwIX6XodWsYEvKSal'}]",https://p.scdn.co/mp3-preview/1ba819ff8c191a13cbd7a7e81037349f93f2ddd7?cid=57daa17ab8e544dcab420c4b154c56d9
