Track_ID,Track_Name,Track_Artist,Preview_URL,Genre
6UjlpJhUqOQqv0hrb38IDI,Best of My Love,"[{'external_urls': {'spotify': 'https://open.spotify.com/artist/64CuUOOirKmdAYLQSfaOyr'}, 'href': 'https://api.spotify.com/v1/artists/64CuUOOirKmdAYLQSfaOyr', 'id': '64CuUOOirKmdAYLQSfaOyr', 'name': 'The Emotions', 'type': 'artist', 'uri': 'spotify:artist:64CuUOOirKmdAYLQSfaOyr'}]",https://p.scdn.co/mp3-preview/e20c1aaa3a9cd0654d3315b31cf9d7079f244d63?cid=57daa17ab8e544dcab420c4b154c56d9,disco
6VBy3FLlKZOWV85xmAXmr8,Get Down Tonight - Edit,"[{'external_urls': {'spotify': 'https://open.spotify.com/artist/3mQBpAOMWYqAZyxtyeo4Lo'}, 'href': 'https://api.spotify.com/v1/artists/3mQBpAOMWYqAZyxtyeo4Lo', 'id': '3mQBpAOMWYqAZyxtyeo4Lo', 'name': 'KC & The Sunshine Band', 'type': 'artist', 'uri': 'spotify:artist:3mQBpAOMWYqAZyxtyeo4Lo'}]",https://p.scdn.co/mp3-preview/348cfde96da687058c927aaf84b5bfedd065b110?cid=57daa17ab8e544dcab420c4b154c56d9,disco
3bidbhpOYeV4knp8AIu8Xn,Can't Hold Us - feat. Ray Dalton,"[{'external_urls': {'spotify': 'https://open.spotify.com/artist/5BcAKTbp20cv7tC5VqPFoC'}, 'href': 'https://api.spotify.com/v1/artists/5BcAKTbp20cv7tC5VqPFoC', 'id': '5BcAKTbp20cv7tC5VqPFoC', 'name': 'Macklemore & Ryan Lewis', 'type': 'artist', 'uri': 'spotify:artist:5BcAKTbp20cv7tC5VqPFoC'}]",https://p.scdn.co/mp3-preview/1f826380a449ec9a8bae45967d908fffd7ff5222?cid=57daa17ab8e544dcab420c4b154c56d9,disco
1uoFwurhS62GOfTz2AbjYJ,"Spank - 12 "" Version","[{'external_urls': {'spotify': 'https://open.spotify.com/artist/6jcPHv7qVfqysvBT7Jmn7K'}, 'href': 'https://api.spotify.com/v1/artists/6jcPHv7qVfqysvBT7Jmn7K', 'id': '6jcPHv7qVfqysvBT7Jmn7K', 'name': 'Jimmy ""Bo"" Horne', 'type': 'artist', 'uri': 'spotify:artist:6jcPHv7qVfqysvBT7Jmn7K'}]",https://p.scdn.co/mp3-preview/57871b154196c34e7f5dcffc95d1fed4dd9f0999?cid=57daa17ab8e544dcab420c4b154c56d9,disco
7iuT6GbzCKoyNVhbLaendu,Never Too Much,"[{'external_urls': {'spotify': 'https://open.spotify.com/artist/19y5MFBH7gohEdGwKM7QsP'}, 'href': 'https://api.spotify.com/v1/artists/19y5MFBH7gohEdGwKM7QsP', 'id': '19y5MFBH7gohEdGwKM7QsP', 'name': 'Luther Vandross', 'type': 'artist', 'uri': 'spotify:artist:19y5MFBH7gohEdGwKM7QsP'}]",https://p.scdn.co/mp3-preview/904c1a43730cccd3be5a9ec8e04ec6374634744d?cid=57daa17ab8e544dcab420c4b154c56d9,disco
7MoKXLQeI0Bh2QodCjDO4K,Can't Get You out of My Head,"[{'external_urls': {'spotify': 'https://open.spotify.com/artist/4RVnAU35WRWra6OZ3CbbMA'}, 'href': 'https://api.spotify.com/v1/artists/4RVnAU35WRWra6OZ3CbbMA', 'id': '4RVnAU35WRWra6OZ3CbbMA', 'name': 'Kylie Minogue', 'type': 'artist', 'uri': 'spotify:artist:4RVnAU35WRWra6OZ3CbbMA'}]",https://p.scdn.co/mp3-preview/8698fb43a16503ad290e738649a19d1663b9cbc6?cid=57daa17ab8e544dcab420c4b154c56d9,disco
3GpbwCm3YxiWDvy29Uo3vP,Right Round,"[{'external_urls': {'spotify': 'https://open.spotify.com/artist/0jnsk9HBra6NMjO2oANoPY'}, 'href': 'https://api.spotify.com/v1/artists/0jnsk9HBra6NMjO2oANoPY', 'id': '0jnsk9HBra6NMjO2oANoPY', 'name': 'Flo Rida', 'type': 'artist', 'uri': 'spotify:artist:0jnsk9HBra6NMjO2oANoPY'}]",https://p.scdn.co/mp3-preview/03ef1692505cecd8365373d11679d35af3880eee?cid=57daa17ab8e544dcab420c4b154c56d9,disco
46eu3SBuFCXWsPT39Yg3tJ,Don't Stop 'Til You Get Enough - Single Version,"[{'external_urls': {'spotify': 'https://open.spotify.com/artist/3fMbdgg4jU18AjLCKBhRSm'}, 'href': 'https://api.spotify.com/v1/artists/3fMbdgg4jU18AjLCKBhRSm', 'id': '3fMbdgg4jU18AjLCKBhRSm', 'name': 'Michael Jackson', 'type': 'artist', 'uri': 'spotify:artist:3fMbdgg4jU18AjLCKBhRSm'}]",https://p.scdn.co/mp3-preview/bcbf2c53e033e4df303f4a9c90c4eada0a70216f?cid=57daa17ab8e544dcab420c4b154c56d9,disco
3rfhI32Il2hVRKDkuGeeen,Hey Baby (Drop It to the Floor) (feat. T-Pain),"[{'external_urls': {'spotify': 'https://open.spotify.com/artist/0TnOYISbd1XYRBk9myaseg'}, 'href': 'https://api.spotify.com/v1/artists/0TnOYISbd1XYRBk9myaseg', 'id': '0TnOYISbd1XYRBk9myaseg', 'name': 'Pitbull', 'type': 'artist', 'uri': 'spotify:artist:0TnOYISbd1XYRBk9myaseg'}, {'external_urls': {'spotify': 'https://open.spotify.com/artist/3aQeKQSyrW4qWr35idm0cy'}, 'href': 'https://api.spotify.com/v1/artists/3aQeKQSyrW4qWr35idm0cy', 'id': '3aQeKQSyrW4qWr35idm0cy', 'name': 'T-Pain', 'type': 'artist', 'uri': 'spotify:artist:3aQeKQSyrW4qWr35idm0cy'}]",https://p.scdn.co/mp3-preview/1c794d9addd2361fbc1a69a68f6b687453956258?cid=57daa17ab8e544dcab420c4b154c56d9,disco
0G3fbPbE1vGeABDEZF0jeG,Good Times,"[{'external_urls': {'spotify': 'https://open.spotify.com/artist/0Xf8oDAJYd2D0k3NLI19OV'}, 'href': 'https://api.spotify.com/v1/artists/0Xf8oDAJYd2D0k3NLI19OV', 'id': '0Xf8oDAJYd2D0k3NLI19OV', 'name': 'CHIC', 'type': 'artist', 'uri': 'spotify:artist:0Xf8oDAJYd2D0k3NLI19OV'}]",https://p.scdn.co/mp3-preview/6e13f6305e059e7cd762d5cfa8b83787a059d813?cid=57daa17ab8e544dcab420c4b154c56d9,disco
6tsMC7YCLcQxr16O77fkoX,Little Bad Girl (feat. Taio Cruz & Ludacris),"[{'external_urls': {'spotify': 'https://open.spotify.com/artist/1Cs0zKBU1kc0i8ypK3B9ai'}, 'href': 'https://api.spotify.com/v1/artists/1Cs0zKBU1kc0i8ypK3B9ai', 'id': '1Cs0zKBU1kc0i8ypK3B9ai', 'name': 'David Guetta', 'type': 'artist', 'uri': 'spotify:artist:1Cs0zKBU1kc0i8ypK3B9ai'}, {'external_urls': {'spotify': 'https://open.spotify.com/artist/3ipn9JLAPI5GUEo4y4jcoi'}, 'href': 'https://api.spotify.com/v1/artists/3ipn9JLAPI5GUEo4y4jcoi', 'id': '3ipn9JLAPI5GUEo4y4jcoi', 'name': 'Ludacris', 'type': 'artist', 'uri': 'spotify:artist:3ipn9JLAPI5GUEo4y4jcoi'}, {'external_urls': {'spotify': 'https://open.spotify.com/artist/6MF9fzBmfXghAz953czmBC'}, 'href': 'https://api.spotify.com/v1/artists/6MF9fzBmfXghAz953czmBC', 'id': '6MF9fzBmfXghAz953czmBC', 'name': 'Taio Cruz', 'type': 'artist', 'uri': 'spotify:artist:6MF9fzBmfXghAz953czmBC'}]",https://p.scdn.co/mp3-preview/b53023c8c71950a8d3981e79eada08585e4d6849?cid=57daa17ab8e544dcab420c4b154c56d9,disco
3wX42sUHbYqIC1ILpa4Akm,Going Back to My Roots - Single Version,"[{'external_urls': {'spotify': 'https://open.spotify.com/artist/5b4SvpTqll0LSqJWPpXya5'}, 'href': 'https://api.spotify.com/v1/artists/5b4SvpTqll0LSqJWPpXya5', 'id': '5b4SvpTqll0LSqJWPpXya5', 'name': 'Odyssey', 'type': 'artist', 'uri': 'spotify:artist:5b4SvpTqll0LSqJWPpXya5'}]",https://p.scdn.co/mp3-preview/998f703e6237099412bb610b5954cf298c2a7ea9?cid=57daa17ab8e544dcab420c4b154c56d9,disco
64AYIP7bZ2TTd1MlB0iwAM,Le Freak - 2006 Remaster,"[{'external_urls': {'spotify': 'https://open.spotify.com/artist/0Xf8oDAJYd2D0k3NLI19OV'}, 'href': 'https://api.spotify.com/v1/artists/0Xf8oDAJYd2D0k3NLI19OV', 'id': '0Xf8oDAJYd2D0k3NLI19OV', 'name': 'CHIC', 'type': 'artist', 'uri': 'spotify:artist:0Xf8oDAJYd2D0k3NLI19OV'}]",https://p.scdn.co/mp3-preview/9a9dfcd512f1bfa661dd15667114d5a1155b2409?cid=57daa17ab8e544dcab420c4b154c56d9,disco
1CmUZGtH29Kx36C1Hleqlz,Thrift Shop (feat. Wanz),"[{'external_urls': {'spotify': 'https://open.spotify.com/artist/3JhNCzhSMTxs9WLGJJxWOY'}, 'href': 'https://api.spotify.com/v1/artists/3JhNCzhSMTxs9WLGJJxWOY', 'id': '3JhNCzhSMTxs9WLGJJxWOY', 'name': 'Macklemore', 'type': 'artist', 'uri': 'spotify:artist:3JhNCzhSMTxs9WLGJJxWOY'}, {'external_urls': {'spotify': 'https://open.spotify.com/artist/4myTppRgh0rojLxx8RycOp'}, 'href': 'https://api.spotify.com/v1/artists/4myTppRgh0rojLxx8RycOp', 'id': '4myTppRgh0rojLxx8RycOp', 'name': 'Ryan Lewis', 'type': 'artist', 'uri': 'spotify:artist:4myTppRgh0rojLxx8RycOp'}, {'external_urls': {'spotify': 'https://open.spotify.com/artist/56xTxG4nQMAs1GW9kvn0uA'}, 'href': 'https://api.spotify.com/v1/artists/56xTxG4nQMAs1GW9kvn0uA', 'id': '56xTxG4nQMAs1GW9kvn0uA', 'name': 'Wanz', 'type': 'artist', 'uri': 'spotify:artist:56xTxG4nQMAs1GW9kvn0uA'}]",https://p.scdn.co/mp3-preview/26cdc03872031160b4ec74e8b2bd21ae7359c46d?cid=57daa17ab8e544dcab420c4b154c56d9,disco
62pIfDe2RdhUfYmRWdo9ZJ,Tacatà - Radio Edit,"[{'external_urls': {'spotify': 'https://open.spotify.com/artist/44Qx9J57sKKNFIASxM4dWh'}, 'href': 'https://api.spotify.com/v1/artists/44Qx9J57sKKNFIASxM4dWh', 'id': '44Qx9J57sKKNFIASxM4dWh', 'name': 'Tacabro', 'type': 'artist', 'uri': 'spotify:artist:44Qx9J57sKKNFIASxM4dWh'}]",https://p.scdn.co/mp3-preview/199e770dab676a1cc007eee3d3054db13373a9be?cid=57daa17ab8e544dcab420c4b154c56d9,disco
2kYnfwjx2KSJIoHf7nBjNL,Dr. Beat,"[{'external_urls': {'spotify': 'https://open.spotify.com/artist/18xgcedCGxFbqLbIQn5R8F'}, 'href': 'https://api.spotify.com/v1/artists/18xgcedCGxFbqLbIQn5R8F', 'id': '18xgcedCGxFbqLbIQn5R8F', 'name': 'Miami Sound Machine', 'type': 'artist', 'uri': 'spotify:artist:18xgcedCGxFbqLbIQn5R8F'}]",https://p.scdn.co/mp3-preview/dbb138a90c3fc985d4036886fa76b6be99b7d9fc?cid=57daa17ab8e544dcab420c4b154c56d9,disco
1tJtx09XQnxaynZLOaTNfZ,Car Wash,"[{'external_urls': {'spotify': 'https://open.spotify.com/artist/1OxJzMLmR9l5zPLap9OxuO'}, 'href': 'https://api.spotify.com/v1/artists/1OxJzMLmR9l5zPLap9OxuO', 'id': '1OxJzMLmR9l5zPLap9OxuO', 'name': 'Rose Royce', 'type': 'artist', 'uri': 'spotify:artist:1OxJzMLmR9l5zPLap9OxuO'}]",https://p.scdn.co/mp3-preview/7230a11dd762c2c6e4ef9e287e2d0e0d55fab2c7?cid=57daa17ab8e544dcab420c4b154c56d9,disco
6Lphpr9Z6H282Sguw0dUWa,Le Freak - Edit,"[{'external_urls': {'spotify': 'https://open.spotify.com/artist/0Xf8oDAJYd2D0k3NLI19OV'}, 'href': 'https://api.spotify.com/v1/artists/0Xf8oDAJYd2D0k3NLI19OV', 'id': '0Xf8oDAJYd2D0k3NLI19OV', 'name': 'CHIC', 'type': 'artist', 'uri': 'spotify:artist:0Xf8oDAJYd2D0k3NLI19OV'}]",https://p.scdn.co/mp3-preview/8dc61ff9b917f8a52ab01ec8bf02f54470664321?cid=57daa17ab8e544dcab420c4b154c56d9,disco
0SDcjtJXrI6jAtD6AkQ6SR,Gotta Go Home,"[{'external_urls': {'spotify': 'https://open.spotify.com/artist/54R6Y0I7jGUCveDTtI21nb'}, 'href': 'https://api.spotify.com/v1/artists/54R6Y0I7jGUCveDTtI21nb', 'id': '54R6Y0I7jGUCveDTtI21nb', 'name': 'Boney M.', 'type': 'artist', 'uri': 'spotify:artist:54R6Y0I7jGUCveDTtI21nb'}]",https://p.scdn.co/mp3-preview/45f34f5a5bf4d7d5d1ac122e0ec95efc690784b3?cid=57daa17ab8e544dcab420c4b154c56d9,disco
4QNpBfC0zvjKqPJcyqBy9W,"Give Me Everything (feat. Ne-Yo, Afrojack & Nayer)","[{'external_urls': {'spotify': 'https://open.spotify.com/artist/0TnOYISbd1XYRBk9myaseg'}, 'href': 'https://api.spotify.com/v1/artists/0TnOYISbd1XYRBk9myaseg', 'id': '0TnOYISbd1XYRBk9myaseg', 'name': 'Pitbull', 'type': 'artist', 'uri': 'spotify:artist:0TnOYISbd1XYRBk9myaseg'}, {'external_urls': {'spotify': 'https://open.spotify.com/artist/21E3waRsmPlU7jZsS13rcj'}, 'href': 'https://api.spotify.com/v1/artists/21E3waRsmPlU7jZsS13rcj', 'id': '21E3waRsmPlU7jZsS13rcj', 'name': 'Ne-Yo', 'type': 'artist', 'uri': 'spotify:artist:21E3waRsmPlU7jZsS13rcj'}, {'external_urls': {'spotify': 'https://open.spotify.com/artist/4D75GcNG95ebPtNvoNVXhz'}, 'href': 'https://api.spotify.com/v1/artists/4D75GcNG95ebPtNvoNVXhz', 'id': '4D75GcNG95ebPtNvoNVXhz', 'name': 'Afrojack', 'type': 'artist', 'uri': 'spotify:artist:4D75GcNG95ebPtNvoNVXhz'}, {'external_urls': {'spotify': 'https://open.spotify.com/artist/1ruutHJcECI7cos2n5TqpO'}, 'href': 'https://api.spotify.com/v1/artists/1ruutHJcECI7cos2n5TqpO', 'id': '1ruutHJcECI7cos2n5TqpO', 'name': 'Nayer', 'type': 'artist', 'uri': 'spotify:artist:1ruutHJcECI7cos2n5TqpO'}]",https://p.scdn.co/mp3-preview/3906aa5012624d4e35c2108207745eb48f3bdf0f?cid=57daa17ab8e544dcab420c4b154c56d9,disco
1uCbb7fkxRUrQAvCQgmSHo,Wanna Be Startin' Somethin',"[{'external_urls': {'spotify': 'https://open.spotify.com/artist/3fMbdgg4jU18AjLCKBhRSm'}, 'href': 'https://api.spotify.com/v1/artists/3fMbdgg4jU18AjLCKBhRSm', 'id': '3fMbdgg4jU18AjLCKBhRSm', 'name': 'Michael Jackson', 'type': 'artist', 'uri': 'spotify:artist:3fMbdgg4jU18AjLCKBhRSm'}]",https://p.scdn.co/mp3-preview/b61d9bdc7d511d1f0bc8cc11065a44d1bc9748e4?cid=57daa17ab8e544dcab420c4b154c56d9,disco
1xN7BpTAWnZkuSLOtRP6Qc,Euphoria - Single Version,"[{'external_urls': {'spotify': 'https://open.spotify.com/artist/49aaHxvAJ0tCh0F15OnwIl'}, 'href': 'https://api.spotify.com/v1/artists/49aaHxvAJ0tCh0F15OnwIl', 'id': '49aaHxvAJ0tCh0F15OnwIl', 'name': 'Loreen', 'type': 'artist', 'uri': 'spotify:artist:49aaHxvAJ0tCh0F15OnwIl'}]",https://p.scdn.co/mp3-preview/0a479cc2b321a6e197404e2e4183937714207788?cid=57daa17ab8e544dcab420c4b154c56d9,disco
2NVpYQqdraEcQwqT7GhUkh,Ain't Nobody,"[{'external_urls': {'spotify': 'https://open.spotify.com/artist/6mQfAAqZGBzIfrmlZCeaYT'}, 'href': 'https://api.spotify.com/v1/artists/6mQfAAqZGBzIfrmlZCeaYT', 'id': '6mQfAAqZGBzIfrmlZCeaYT', 'name': 'Chaka Khan', 'type': 'artist', 'uri': 'spotify:artist:6mQfAAqZGBzIfrmlZCeaYT'}]",https://p.scdn.co/mp3-preview/da3c4d60cefc078b44f5c99cb3cd609faf08652f?cid=57daa17ab8e544dcab420c4b154c56d9,disco
3UN6cIn3VIyg0z1LCuFSum,Without You (feat. Usher),"[{'external_urls': {'spotify': 'https://open.spotify.com/artist/1Cs0zKBU1kc0i8ypK3B9ai'}, 'href': 'https://api.spotify.com/v1/artists/1Cs0zKBU1kc0i8ypK3B9ai', 'id': '1Cs0zKBU1kc0i8ypK3B9ai', 'name': 'David Guetta', 'type': 'artist', 'uri': 'spotify:artist:1Cs0zKBU1kc0i8ypK3B9ai'}, {'external_urls': {'spotify': 'https://open.spotify.com/artist/23zg3TcAtWQy7J6upgbUnj'}, 'href': 'https://api.spotify.com/v1/artists/23zg3TcAtWQy7J6upgbUnj', 'id': '23zg3TcAtWQy7J6upgbUnj', 'name': 'Usher', 'type': 'artist', 'uri': 'spotify:artist:23zg3TcAtWQy7J6upgbUnj'}]",https://p.scdn.co/mp3-preview/53e072ec1b741fd584c4688bfd1657a60c56a803?cid=57daa17ab8e544dcab420c4b154c56d9,disco
69rMjPtfWbelVGHM0TZaAr,"(Shake, Shake, Shake) Shake Your Booty","[{'external_urls': {'spotify': 'https://open.spotify.com/artist/3mQBpAOMWYqAZyxtyeo4Lo'}, 'href': 'https://api.spotify.com/v1/artists/3mQBpAOMWYqAZyxtyeo4Lo', 'id': '3mQBpAOMWYqAZyxtyeo4Lo', 'name': 'KC & The Sunshine Band', 'type': 'artist', 'uri': 'spotify:artist:3mQBpAOMWYqAZyxtyeo4Lo'}]",https://p.scdn.co/mp3-preview/bd4856f76776faccb79faff356f9f64db42b1bb1?cid=57daa17ab8e544dcab420c4b154c56d9,disco
24LS4lQShWyixJ0ZrJXfJ5,Sweet Nothing (feat. Florence Welch),"[{'external_urls': {'spotify': 'https://open.spotify.com/artist/7CajNmpbOovFoOoasH2HaY'}, 'href': 'https://api.spotify.com/v1/artists/7CajNmpbOovFoOoasH2HaY', 'id': '7CajNmpbOovFoOoasH2HaY', 'name': 'Calvin Harris', 'type': 'artist', 'uri': 'spotify:artist:7CajNmpbOovFoOoasH2HaY'}, {'external_urls': {'spotify': 'https://open.spotify.com/artist/0IROOdQ2fQUcoaEPqt1Isg'}, 'href': 'https://api.spotify.com/v1/artists/0IROOdQ2fQUcoaEPqt1Isg', 'id': '0IROOdQ2fQUcoaEPqt1Isg', 'name': 'Florence Welch', 'type': 'artist', 'uri': 'spotify:artist:0IROOdQ2fQUcoaEPqt1Isg'}]",https://p.scdn.co/mp3-preview/34ef2c315f140d2282f8c94a131cc2ebf63e5d60?cid=57daa17ab8e544dcab420c4b154c56d9,disco
0xcl9XT60Siji6CSG4y6nb,Club Can't Handle Me (feat. David Guetta) - From the Step Up 3D Soundtrack,"[{'external_urls': {'spotify': 'https://open.spotify.com/artist/0jnsk9HBra6NMjO2oANoPY'}, 'href': 'https://api.spotify.com/v1/artists/0jnsk9HBra6NMjO2oANoPY', 'id': '0jnsk9HBra6NMjO2oANoPY', 'name': 'Flo Rida', 'type': 'artist', 'uri': 'spotify:artist:0jnsk9HBra6NMjO2oANoPY'}]",https://p.scdn.co/mp3-preview/09abe5f4a6cee34e9e8479708d94dd822f1cf3bc?cid=57daa17ab8e544dcab420c4b154c56d9,disco
02kX8iWACiekbCnF2re38j,Skaka Rumpa,"[{'external_urls': {'spotify': 'https://open.spotify.com/artist/4EyhwDFo0iKdv2nMUM4m1Q'}, 'href': 'https://api.spotify.com/v1/artists/4EyhwDFo0iKdv2nMUM4m1Q', 'id': '4EyhwDFo0iKdv2nMUM4m1Q', 'name': 'Sean Banan', 'type': 'artist', 'uri': 'spotify:artist:4EyhwDFo0iKdv2nMUM4m1Q'}]",https://p.scdn.co/mp3-preview/52afab05fe6b6da5480b3cb8a129810c3cd99347?cid=57daa17ab8e544dcab420c4b154c56d9,disco
4d2hD63oUGU3s7L66JD0BE,Dance Again,"[{'external_urls': {'spotify': 'https://open.spotify.com/artist/2DlGxzQSjYe5N6G9nkYghR'}, 'href': 'https://api.spotify.com/v1/artists/2DlGxzQSjYe5N6G9nkYghR', 'id': '2DlGxzQSjYe5N6G9nkYghR', 'name': 'Jennifer Lopez', 'type': 'artist', 'uri': 'spotify:artist:2DlGxzQSjYe5N6G9nkYghR'}, {'external_urls': {'spotify': 'https://open.spotify.com/artist/0TnOYISbd1XYRBk9myaseg'}, 'href': 'https://api.spotify.com/v1/artists/0TnOYISbd1XYRBk9myaseg', 'id': '0TnOYISbd1XYRBk9myaseg', 'name': 'Pitbull', 'type': 'artist', 'uri': 'spotify:artist:0TnOYISbd1XYRBk9myaseg'}]",https://p.scdn.co/mp3-preview/2d288b4a7117b800a3bf561a3686f39fbe17a40a?cid=57daa17ab8e544dcab420c4b154c56d9,disco
5cCAZS9VhLGEDV4NCfieeg,I Wanna Go,"[{'external_urls': {'spotify': 'https://open.spotify.com/artist/26dSoYclwsYLMAKD3tpOr4'}, 'href': 'https://api.spotify.com/v1/artists/26dSoYclwsYLMAKD3tpOr4', 'id': '26dSoYclwsYLMAKD3tpOr4', 'name': 'Britney Spears', 'type': 'artist', 'uri': 'spotify:artist:26dSoYclwsYLMAKD3tpOr4'}]",https://p.scdn.co/mp3-preview/233d59542b9e00f70bd15b60d1a23fd27b4e9a57?cid=57daa17ab8e544dcab420c4b154c56d9,disco
3MFa9idQuY4iJLWsZl3tIQ,Young Hearts Run Free,"[{'external_urls': {'spotify': 'https://open.spotify.com/artist/3S34Unhn5yRcaH5K9aU5Et'}, 'href': 'https://api.spotify.com/v1/artists/3S34Unhn5yRcaH5K9aU5Et', 'id': '3S34Unhn5yRcaH5K9aU5Et', 'name': 'Candi Staton', 'type': 'artist', 'uri': 'spotify:artist:3S34Unhn5yRcaH5K9aU5Et'}]",https://p.scdn.co/mp3-preview/b0b96bb7e0e4f151ce0c64349e74cfc11cba326b?cid=57daa17ab8e544dcab420c4b154c56d9,disco
3NcO4jGK1Opb5ea0mYLpxb,Good Feeling,"[{'external_urls': {'spotify': 'https://open.spotify.com/artist/0jnsk9HBra6NMjO2oANoPY'}, 'href': 'https://api.spotify.com/v1/artists/0jnsk9HBra6NMjO2oANoPY', 'id': '0jnsk9HBra6NMjO2oANoPY', 'name': 'Flo Rida', 'type': 'artist', 'uri': 'spotify:artist:0jnsk9HBra6NMjO2oANoPY'}]",https://p.scdn.co/mp3-preview/9b7c873ffd4d9893608532492679e0dfca0229f9?cid=57daa17ab8e544dcab420c4b154c56d9,disco
714hERk9U1W8FMYkoC83CO,You Sexy Thing,"[{'external_urls': {'spotify': 'https://open.spotify.com/artist/72VzFto8DYvKHocaHYNWSi'}, 'href': 'https://api.spotify.com/v1/artists/72VzFto8DYvKHocaHYNWSi', 'id': '72VzFto8DYvKHocaHYNWSi', 'name': 'Hot Chocolate', 'type': 'artist', 'uri': 'spotify:artist:72VzFto8DYvKHocaHYNWSi'}]",https://p.scdn.co/mp3-preview/7017e809f2d2961c456122b625dbb0ad7792998c?cid=57daa17ab8e544dcab420c4b154c56d9,disco
4rwpZEcnalkuhPyGkEdhu0,Scary Monsters and Nice Sprites,"[{'external_urls': {'spotify': 'https://open.spotify.com/artist/5he5w2lnU9x7JFhnwcekXX'}, 'href': 'https://api.spotify.com/v1/artists/5he5w2lnU9x7JFhnwcekXX', 'id': '5he5w2lnU9x7JFhnwcekXX', 'name': 'Skrillex', 'type': 'artist', 'uri': 'spotify:artist:5he5w2lnU9x7JFhnwcekXX'}]",https://p.scdn.co/mp3-preview/fd1cb014b2eb27e13502c1fb2ef3514dbe713a03?cid=57daa17ab8e544dcab420c4b154c56d9,disco
4Am5pqHBUfYhJqdURXx84F,Shout It Out,"[{'external_urls': {'spotify': 'https://open.spotify.com/artist/7qWB1MNQHOkDdSVGjBtvMX'}, 'href': 'https://api.spotify.com/v1/artists/7qWB1MNQHOkDdSVGjBtvMX', 'id': '7qWB1MNQHOkDdSVGjBtvMX', 'name': 'David Lindgren', 'type': 'artist', 'uri': 'spotify:artist:7qWB1MNQHOkDdSVGjBtvMX'}]",https://p.scdn.co/mp3-preview/922a3d8564eb231dbe4f76843a18a02cee971af9?cid=57daa17ab8e544dcab420c4b154c56d9,disco
5Z7ygHQo02SUrFmcgpwsKW,Wild Ones (feat. Sia),"[{'external_urls': {'spotify': 'https://open.spotify.com/artist/0jnsk9HBra6NMjO2oANoPY'}, 'href': 'https://api.spotify.com/v1/artists/0jnsk9HBra6NMjO2oANoPY', 'id': '0jnsk9HBra6NMjO2oANoPY', 'name': 'Flo Rida', 'type': 'artist', 'uri': 'spotify:artist:0jnsk9HBra6NMjO2oANoPY'}, {'external_urls': {'spotify': 'https://open.spotify.com/artist/5WUlDfRSoLAfcVSX1WnrxN'}, 'href': 'https://api.spotify.com/v1/artists/5WUlDfRSoLAfcVSX1WnrxN', 'id': '5WUlDfRSoLAfcVSX1WnrxN', 'name': 'Sia', 'type': 'artist', 'uri': 'spotify:artist:5WUlDfRSoLAfcVSX1WnrxN'}]",https://p.scdn.co/mp3-preview/c09599c6378ab14c9bc56589ac8c0ede3671d496?cid=57daa17ab8e544dcab420c4b154c56d9,disco
70VjMtwhm3Q2HBQeJnPfmh,Hung Up,"[{'external_urls': {'spotify': 'https://open.spotify.com/artist/6tbjWDEIzxoDsBA1FuhfPW'}, 'href': 'https://api.spotify.com/v1/artists/6tbjWDEIzxoDsBA1FuhfPW', 'id': '6tbjWDEIzxoDsBA1FuhfPW', 'name': 'Madonna', 'type': 'artist', 'uri': 'spotify:artist:6tbjWDEIzxoDsBA1FuhfPW'}]",https://p.scdn.co/mp3-preview/7822b6ba4b8b1798e18165a9da812340412cd40c?cid=57daa17ab8e544dcab420c4b154c56d9,disco
2ahnofp2LbBWDXcJbMaSTu,"What Is Love - 7"" Mix","[{'external_urls': {'spotify': 'https://open.spotify.com/artist/0Suv0tRrNrUlRzAy8aXjma'}, 'href': 'https://api.spotify.com/v1/artists/0Suv0tRrNrUlRzAy8aXjma', 'id': '0Suv0tRrNrUlRzAy8aXjma', 'name': 'Haddaway', 'type': 'artist', 'uri': 'spotify:artist:0Suv0tRrNrUlRzAy8aXjma'}]",https://p.scdn.co/mp3-preview/659374a67e87fcdc8ea1d975f65d3321084f4ab6?cid=57daa17ab8e544dcab420c4b154c56d9,disco
4yOn1TEcfsKHUJCL2h1r8I,Feel This Moment (feat. Christina Aguilera),"[{'external_urls': {'spotify': 'https://open.spotify.com/artist/0TnOYISbd1XYRBk9myaseg'}, 'href': 'https://api.spotify.com/v1/artists/0TnOYISbd1XYRBk9myaseg', 'id': '0TnOYISbd1XYRBk9myaseg', 'name': 'Pitbull', 'type': 'artist', 'uri': 'spotify:artist:0TnOYISbd1XYRBk9myaseg'}, {'external_urls': {'spotify': 'https://open.spotify.com/artist/1l7ZsJRRS8wlW3WfJfPfNS'}, 'href': 'https://api.spotify.com/v1/artists/1l7ZsJRRS8wlW3WfJfPfNS', 'id': '1l7ZsJRRS8wlW3WfJfPfNS', 'name': 'Christina Aguilera', 'type': 'artist', 'uri': 'spotify:artist:1l7ZsJRRS8wlW3WfJfPfNS'}]",https://p.scdn.co/mp3-preview/c77682bd75356bf636c98247e29984569daff1ed?cid=57daa17ab8e544dcab420c4b154c56d9,disco
7723JnKU2R15Iv4T7OJrly,Funky Town,"[{'external_urls': {'spotify': 'https://open.spotify.com/artist/0lwRI7lvmlRY5DiA5Xa6wQ'}, 'href': 'https://api.spotify.com/v1/artists/0lwRI7lvmlRY5DiA5Xa6wQ', 'id': '0lwRI7lvmlRY5DiA5Xa6wQ', 'name': 'Lipps Inc.', 'type': 'artist', 'uri': 'spotify:artist:0lwRI7lvmlRY5DiA5Xa6wQ'}]",https://p.scdn.co/mp3-preview/7378227189ebb06cc3bf9fdc99bfc6490843de9d?cid=57daa17ab8e544dcab420c4b154c56d9,disco
3XIEWK1V9n25PS9Vb6axj5,Born to Be Alive,"[{'external_urls': {'spotify': 'https://open.spotify.com/artist/1CcEgi464SWZsKY5579u7z'}, 'href': 'https://api.spotify.com/v1/artists/1CcEgi464SWZsKY5579u7z', 'id': '1CcEgi464SWZsKY5579u7z', 'name': 'Patrick Hernandez', 'type': 'artist', 'uri': 'spotify:artist:1CcEgi464SWZsKY5579u7z'}]",https://p.scdn.co/mp3-preview/5ec427ac93acfe644dbc17c16e23c6a03baeb632?cid=57daa17ab8e544dcab420c4b154c56d9,disco
36cmM3MBMWWCFIiQ90U4J8,Bounce (feat. Kelis) - Radio Edit,"[{'external_urls': {'spotify': 'https://open.spotify.com/artist/7CajNmpbOovFoOoasH2HaY'}, 'href': 'https://api.spotify.com/v1/artists/7CajNmpbOovFoOoasH2HaY', 'id': '7CajNmpbOovFoOoasH2HaY', 'name': 'Calvin Harris', 'type': 'artist', 'uri': 'spotify:artist:7CajNmpbOovFoOoasH2HaY'}, {'external_urls': {'spotify': 'https://open.spotify.com/artist/0IF46mUS8NXjgHabxk2MCM'}, 'href': 'https://api.spotify.com/v1/artists/0IF46mUS8NXjgHabxk2MCM', 'id': '0IF46mUS8NXjgHabxk2MCM', 'name': 'Kelis', 'type': 'artist', 'uri': 'spotify:artist:0IF46mUS8NXjgHabxk2MCM'}]",https://p.scdn.co/mp3-preview/275412929dd6bdc96b7c64d5cf70778ac14fb8cc?cid=57daa17ab8e544dcab420c4b154c56d9,disco
1nInOsHbtotAmEOQhtvnzP,Stronger (What Doesn't Kill You),"[{'external_urls': {'spotify': 'https://open.spotify.com/artist/3BmGtnKgCSGYIUhmivXKWX'}, 'href': 'https://api.spotify.com/v1/artists/3BmGtnKgCSGYIUhmivXKWX', 'id': '3BmGtnKgCSGYIUhmivXKWX', 'name': 'Kelly Clarkson', 'type': 'artist', 'uri': 'spotify:artist:3BmGtnKgCSGYIUhmivXKWX'}]",https://p.scdn.co/mp3-preview/328bdd62e0e8f7f110cb546017ff3bf3042cc37a?cid=57daa17ab8e544dcab420c4b154c56d9,disco
3rhnT5RoN7bvPUpMHt1aM9,La La Love,"[{'external_urls': {'spotify': 'https://open.spotify.com/artist/2arQ0lfcNGLrJOHoJksWOw'}, 'href': 'https://api.spotify.com/v1/artists/2arQ0lfcNGLrJOHoJksWOw', 'id': '2arQ0lfcNGLrJOHoJksWOw', 'name': 'Ivi Adamou', 'type': 'artist', 'uri': 'spotify:artist:2arQ0lfcNGLrJOHoJksWOw'}]",https://p.scdn.co/mp3-preview/f133cb3b56830b3eef1711c632584e38638b91ea?cid=57daa17ab8e544dcab420c4b154c56d9,disco
1zHlj4dQ8ZAtrayhuDDmkY,Timber (feat. Ke$ha),"[{'external_urls': {'spotify': 'https://open.spotify.com/artist/0TnOYISbd1XYRBk9myaseg'}, 'href': 'https://api.spotify.com/v1/artists/0TnOYISbd1XYRBk9myaseg', 'id': '0TnOYISbd1XYRBk9myaseg', 'name': 'Pitbull', 'type': 'artist', 'uri': 'spotify:artist:0TnOYISbd1XYRBk9myaseg'}, {'external_urls': {'spotify': 'https://open.spotify.com/artist/6LqNN22kT3074XbTVUrhzX'}, 'href': 'https://api.spotify.com/v1/artists/6LqNN22kT3074XbTVUrhzX', 'id': '6LqNN22kT3074XbTVUrhzX', 'name': 'Kesha', 'type': 'artist', 'uri': 'spotify:artist:6LqNN22kT3074XbTVUrhzX'}]",https://p.scdn.co/mp3-preview/ecb1639c58ceb6311919373fe56399e3ec242045?cid=57daa17ab8e544dcab420c4b154c56d9,disco
55h7vJchibLdUkxdlX3fK7,Treasure,"[{'external_urls': {'spotify': 'https://open.spotify.com/artist/0du5cEVh5yTK9QJze8zA0C'}, 'href': 'https://api.spotify.com/v1/artists/0du5cEVh5yTK9QJze8zA0C', 'id': '0du5cEVh5yTK9QJze8zA0C', 'name': 'Bruno Mars', 'type': 'artist', 'uri': 'spotify:artist:0du5cEVh5yTK9QJze8zA0C'}]",https://p.scdn.co/mp3-preview/2780356e9a11fab474e2bc11758e41ab309f60d6?cid=57daa17ab8e544dcab420c4b154c56d9,disco
352zfYbDFG8sxkmOAhVeuj,Under Control (feat. Hurts),"[{'external_urls': {'spotify': 'https://open.spotify.com/artist/7CajNmpbOovFoOoasH2HaY'}, 'href': 'https://api.spotify.com/v1/artists/7CajNmpbOovFoOoasH2HaY', 'id': '7CajNmpbOovFoOoasH2HaY', 'name': 'Calvin Harris', 'type': 'artist', 'uri': 'spotify:artist:7CajNmpbOovFoOoasH2HaY'}, {'external_urls': {'spotify': 'https://open.spotify.com/artist/4AVFqumd2ogHFlRbKIjp1t'}, 'href': 'https://api.spotify.com/v1/artists/4AVFqumd2ogHFlRbKIjp1t', 'id': '4AVFqumd2ogHFlRbKIjp1t', 'name': 'Alesso', 'type': 'artist', 'uri': 'spotify:artist:4AVFqumd2ogHFlRbKIjp1t'}, {'external_urls': {'spotify': 'https://open.spotify.com/artist/3w4VAlllkAWI6m0AV0Gn6a'}, 'href': 'https://api.spotify.com/v1/artists/3w4VAlllkAWI6m0AV0Gn6a', 'id': '3w4VAlllkAWI6m0AV0Gn6a', 'name': 'Hurts', 'type': 'artist', 'uri': 'spotify:artist:3w4VAlllkAWI6m0AV0Gn6a'}]",https://p.scdn.co/mp3-preview/3878c6912e95d20a6dc223341c32087f36d9fa18?cid=57daa17ab8e544dcab420c4b154c56d9,disco
2KH16WveTQWT6KOG9Rg6e2,Eye of the Tiger,"[{'external_urls': {'spotify': 'https://open.spotify.com/artist/26bcq2nyj5GB7uRr558iQg'}, 'href': 'https://api.spotify.com/v1/artists/26bcq2nyj5GB7uRr558iQg', 'id': '26bcq2nyj5GB7uRr558iQg', 'name': 'Survivor', 'type': 'artist', 'uri': 'spotify:artist:26bcq2nyj5GB7uRr558iQg'}]",https://p.scdn.co/mp3-preview/9e37f230afd37042e49f3d144c3b94e0b39ef8ba?cid=57daa17ab8e544dcab420c4b154c56d9,disco
1eJNe0mul5KtNv8Wnj18pR,I Love to Love,"[{'external_urls': {'spotify': 'https://open.spotify.com/artist/7Jbs4wPCLaKXPxrTxZ2zaa'}, 'href': 'https://api.spotify.com/v1/artists/7Jbs4wPCLaKXPxrTxZ2zaa', 'id': '7Jbs4wPCLaKXPxrTxZ2zaa', 'name': 'Tina Charles', 'type': 'artist', 'uri': 'spotify:artist:7Jbs4wPCLaKXPxrTxZ2zaa'}]",https://p.scdn.co/mp3-preview/fd124a31160c030e9364063d022cb77a3a6d8c0b?cid=57daa17ab8e544dcab420c4b154c56d9,disco
4cluDES4hQEUhmXj6TXkSo,What Makes You Beautiful,"[{'external_urls': {'spotify': 'https://open.spotify.com/artist/4AK6F7OLvEQ5QYCBNiQWHq'}, 'href': 'https://api.spotify.com/v1/artists/4AK6F7OLvEQ5QYCBNiQWHq', 'id': '4AK6F7OLvEQ5QYCBNiQWHq', 'name': 'One Direction', 'type': 'artist', 'uri': 'spotify:artist:4AK6F7OLvEQ5QYCBNiQWHq'}]",https://p.scdn.co/mp3-preview/170a9a5c3c9d418b8a3027ef538dd34b3291dfeb?cid=57daa17ab8e544dcab420c4b154c56d9,disco
1zSXQIah3KQsjvo5sRNRq7,Busy Doin' Nothin',"[{'external_urls': {'spotify': 'https://open.spotify.com/artist/7F4HcalxCMC4DctguvnoFY'}, 'href': 'https://api.spotify.com/v1/artists/7F4HcalxCMC4DctguvnoFY', 'id': '7F4HcalxCMC4DctguvnoFY', 'name': 'Ace Wilder', 'type': 'artist', 'uri': 'spotify:artist:7F4HcalxCMC4DctguvnoFY'}]",https://p.scdn.co/mp3-preview/a8bca3766ae98ca2ce4904b815df0334266c9731?cid=57daa17ab8e544dcab420c4b154c56d9,disco
05SBRd4fXgn8FX7bf8BCAE,I Need Your Love (feat. Ellie Goulding),"[{'external_urls': {'spotify': 'https://open.spotify.com/artist/7CajNmpbOovFoOoasH2HaY'}, 'href': 'https://api.spotify.com/v1/artists/7CajNmpbOovFoOoasH2HaY', 'id': '7CajNmpbOovFoOoasH2HaY', 'name': 'Calvin Harris', 'type': 'artist', 'uri': 'spotify:artist:7CajNmpbOovFoOoasH2HaY'}, {'external_urls': {'spotify': 'https://open.spotify.com/artist/0X2BH1fck6amBIoJhDVmmJ'}, 'href': 'https://api.spotify.com/v1/artists/0X2BH1fck6amBIoJhDVmmJ', 'id': '0X2BH1fck6amBIoJhDVmmJ', 'name': 'Ellie Goulding', 'type': 'artist', 'uri': 'spotify:artist:0X2BH1fck6amBIoJhDVmmJ'}]",https://p.scdn.co/mp3-preview/40c1150a43b8c93b53e8873207b64368c8b36eac?cid=57daa17ab8e544dcab420c4b154c56d9,disco
0ltBH1JNzSvQJPjJpvTu9B,Whistle,"[{'external_urls': {'spotify': 'https://open.spotify.com/artist/0jnsk9HBra6NMjO2oANoPY'}, 'href': 'https://api.spotify.com/v1/artists/0jnsk9HBra6NMjO2oANoPY', 'id': '0jnsk9HBra6NMjO2oANoPY', 'name': 'Flo Rida', 'type': 'artist', 'uri': 'spotify:artist:0jnsk9HBra6NMjO2oANoPY'}]",https://p.scdn.co/mp3-preview/02a8a9e9982c7eb58f153df1a25dcbfe2220b967?cid=57daa17ab8e544dcab420c4b154c56d9,disco
2u8MGAiS2hBVE7GZzTZLQI,I'm So Excited,"[{'external_urls': {'spotify': 'https://open.spotify.com/artist/2kreKea2n96dXjcyAU9j5N'}, 'href': 'https://api.spotify.com/v1/artists/2kreKea2n96dXjcyAU9j5N', 'id': '2kreKea2n96dXjcyAU9j5N', 'name': 'The Pointer Sisters', 'type': 'artist', 'uri': 'spotify:artist:2kreKea2n96dXjcyAU9j5N'}]",https://p.scdn.co/mp3-preview/df03e2377675391fbc2b9c0100bbd30772ef6905?cid=57daa17ab8e544dcab420c4b154c56d9,disco
5IKLwqBQG6KU6MP2zP80Nu,We Are Family,"[{'external_urls': {'spotify': 'https://open.spotify.com/artist/6gkWznnJkdkwRPVcmnrays'}, 'href': 'https://api.spotify.com/v1/artists/6gkWznnJkdkwRPVcmnrays', 'id': '6gkWznnJkdkwRPVcmnrays', 'name': 'Sister Sledge', 'type': 'artist', 'uri': 'spotify:artist:6gkWznnJkdkwRPVcmnrays'}]",https://p.scdn.co/mp3-preview/26f5886af9af728d758a84ff045baab992878692?cid=57daa17ab8e544dcab420c4b154c56d9,disco
2MK61XmAqnrYK0cK8GeyZy,Youngblood,"[{'external_urls': {'spotify': 'https://open.spotify.com/artist/4pr3EPm1pgu3ZTpi9QoXpA'}, 'href': 'https://api.spotify.com/v1/artists/4pr3EPm1pgu3ZTpi9QoXpA', 'id': '4pr3EPm1pgu3ZTpi9QoXpA', 'name': 'Youngblood', 'type': 'artist', 'uri': 'spotify:artist:4pr3EPm1pgu3ZTpi9QoXpA'}]",https://p.scdn.co/mp3-preview/ac93b2d98dd94f64f9570eaf53139aaf7cbaf79b?cid=57daa17ab8e544dcab420c4b154c56d9,disco
2lYe3AhO4dJhBMsvk9uBkw,That's the Way (I Like It),"[{'external_urls': {'spotify': 'https://open.spotify.com/artist/3mQBpAOMWYqAZyxtyeo4Lo'}, 'href': 'https://api.spotify.com/v1/artists/3mQBpAOMWYqAZyxtyeo4Lo', 'id': '3mQBpAOMWYqAZyxtyeo4Lo', 'name': 'KC & The Sunshine Band', 'type': 'artist', 'uri': 'spotify:artist:3mQBpAOMWYqAZyxtyeo4Lo'}]",https://p.scdn.co/mp3-preview/b932b066df9e4929089e5bf16587b897aebf626e?cid=57daa17ab8e544dcab420c4b154c56d9,disco
7qfwcqfGOkQYtzjF4UzJHM,Shot Me Down (feat. Skylar Grey) - Radio Edit,"[{'external_urls': {'spotify': 'https://open.spotify.com/artist/1Cs0zKBU1kc0i8ypK3B9ai'}, 'href': 'https://api.spotify.com/v1/artists/1Cs0zKBU1kc0i8ypK3B9ai', 'id': '1Cs0zKBU1kc0i8ypK3B9ai', 'name': 'David Guetta', 'type': 'artist', 'uri': 'spotify:artist:1Cs0zKBU1kc0i8ypK3B9ai'}]",https://p.scdn.co/mp3-preview/217f039111aedd04e5aa3b8c3a53324f7dc7e643?cid=57daa17ab8e544dcab420c4b154c56d9,disco
33qw98yPnShEQMoF72ORUa,Amazing,"[{'external_urls': {'spotify': 'https://open.spotify.com/artist/5tVyieWwN9j09jXUovK2zN'}, 'href': 'https://api.spotify.com/v1/artists/5tVyieWwN9j09jXUovK2zN', 'id': '5tVyieWwN9j09jXUovK2zN', 'name': 'Danny Saucedo', 'type': 'artist', 'uri': 'spotify:artist:5tVyieWwN9j09jXUovK2zN'}]",https://p.scdn.co/mp3-preview/5654fbc1a67244460be197ffd7c25c7c9e267632?cid=57daa17ab8e544dcab420c4b154c56d9,disco
3VZQshi4COChhXaz7cLP02,I Love It (feat. Charli XCX) - Original Version,"[{'external_urls': {'spotify': 'https://open.spotify.com/artist/1VBflYyxBhnDc9uVib98rw'}, 'href': 'https://api.spotify.com/v1/artists/1VBflYyxBhnDc9uVib98rw', 'id': '1VBflYyxBhnDc9uVib98rw', 'name': 'Icona Pop', 'type': 'artist', 'uri': 'spotify:artist:1VBflYyxBhnDc9uVib98rw'}, {'external_urls': {'spotify': 'https://open.spotify.com/artist/25uiPmTg16RbhZWAqwLBy5'}, 'href': 'https://api.spotify.com/v1/artists/25uiPmTg16RbhZWAqwLBy5', 'id': '25uiPmTg16RbhZWAqwLBy5', 'name': 'Charli XCX', 'type': 'artist', 'uri': 'spotify:artist:25uiPmTg16RbhZWAqwLBy5'}]",https://p.scdn.co/mp3-preview/53d0fca6eb2c0180aeed0d6db7703d3f3d2c1c77?cid=57daa17ab8e544dcab420c4b154c56d9,disco
1D9KEXIrlmPUkMTdYzqgX4,Thriller,"[{'external_urls': {'spotify': 'https://open.spotify.com/artist/3fMbdgg4jU18AjLCKBhRSm'}, 'href': 'https://api.spotify.com/v1/artists/3fMbdgg4jU18AjLCKBhRSm', 'id': '3fMbdgg4jU18AjLCKBhRSm', 'name': 'Michael Jackson', 'type': 'artist', 'uri': 'spotify:artist:3fMbdgg4jU18AjLCKBhRSm'}]",https://p.scdn.co/mp3-preview/0b62db54da539b34856448e509c30ce4601931f5?cid=57daa17ab8e544dcab420c4b154c56d9,disco
2DYtBXueUkZyUZAHKJAAIs,We Are Family - 2006 Remaster,"[{'external_urls': {'spotify': 'https://open.spotify.com/artist/6gkWznnJkdkwRPVcmnrays'}, 'href': 'https://api.spotify.com/v1/artists/6gkWznnJkdkwRPVcmnrays', 'id': '6gkWznnJkdkwRPVcmnrays', 'name': 'Sister Sledge', 'type': 'artist', 'uri': 'spotify:artist:6gkWznnJkdkwRPVcmnrays'}]",https://p.scdn.co/mp3-preview/45aaea5d2d0b61de6e9ee74aecae131af969424f?cid=57daa17ab8e544dcab420c4b154c56d9,disco
51VSKyT8XfhAscvagBB4bn,Rivers of Babylon - Single Version,"[{'external_urls': {'spotify': 'https://open.spotify.com/artist/54R6Y0I7jGUCveDTtI21nb'}, 'href': 'https://api.spotify.com/v1/artists/54R6Y0I7jGUCveDTtI21nb', 'id': '54R6Y0I7jGUCveDTtI21nb', 'name': 'Boney M.', 'type': 'artist', 'uri': 'spotify:artist:54R6Y0I7jGUCveDTtI21nb'}]",https://p.scdn.co/mp3-preview/2bc7a173d96e563b51efc55d801a64c504b22931?cid=57daa17ab8e544dcab420c4b154c56d9,disco
2WfaOiMkCvy7F5fcp2zZ8L,Take on Me,"[{'external_urls': {'spotify': 'https://open.spotify.com/artist/2jzc5TC5TVFLXQlBNiIUzE'}, 'href': 'https://api.spotify.com/v1/artists/2jzc5TC5TVFLXQlBNiIUzE', 'id': '2jzc5TC5TVFLXQlBNiIUzE', 'name': 'a-ha', 'type': 'artist', 'uri': 'spotify:artist:2jzc5TC5TVFLXQlBNiIUzE'}]",https://p.scdn.co/mp3-preview/0f980d0fac59f77123d0272b78bce97f1374d9e9?cid=57daa17ab8e544dcab420c4b154c56d9,disco
3JO3ywp8UufIiKkszm7DkE,Flytta på dej,"[{'external_urls': {'spotify': 'https://open.spotify.com/artist/4HpFXZsVoerMLtLudMJJkb'}, 'href': 'https://api.spotify.com/v1/artists/4HpFXZsVoerMLtLudMJJkb', 'id': '4HpFXZsVoerMLtLudMJJkb', 'name': 'Alina Devecerski', 'type': 'artist', 'uri': 'spotify:artist:4HpFXZsVoerMLtLudMJJkb'}]",https://p.scdn.co/mp3-preview/75b9470bab6949306f185b9e66c719708e1579a7?cid=57daa17ab8e544dcab420c4b154c56d9,disco
6sh2gkdFAxmDEIwtLRrJyR,Everybody Dance - 2006 Remaster,"[{'external_urls': {'spotify': 'https://open.spotify.com/artist/0Xf8oDAJYd2D0k3NLI19OV'}, 'href': 'https://api.spotify.com/v1/artists/0Xf8oDAJYd2D0k3NLI19OV', 'id': '0Xf8oDAJYd2D0k3NLI19OV', 'name': 'CHIC', 'type': 'artist', 'uri': 'spotify:artist:0Xf8oDAJYd2D0k3NLI19OV'}]",https://p.scdn.co/mp3-preview/52c0360fb6309579b70f601ef2697f399eb0d5ed?cid=57daa17ab8e544dcab420c4b154c56d9,disco
3KOJhPY6UITeeMyxlpfxnQ,I'm in the Mood for Dancing,"[{'external_urls': {'spotify': 'https://open.spotify.com/artist/2H32fphWQj9hhVuCOKkchM'}, 'href': 'https://api.spotify.com/v1/artists/2H32fphWQj9hhVuCOKkchM', 'id': '2H32fphWQj9hhVuCOKkchM', 'name': 'The Nolans', 'type': 'artist', 'uri': 'spotify:artist:2H32fphWQj9hhVuCOKkchM'}]",https://p.scdn.co/mp3-preview/412d24f6b3cd9b4bb0f2ed86fc7184ebea53a0e2?cid=57daa17ab8e544dcab420c4b154c56d9,disco
7C0eAsoRrtNvtUKomp3gnV,Spacer - Version single,"[{'external_urls': {'spotify': 'https://open.spotify.com/artist/5fhRcv2KU96vbXqNE2FEdu'}, 'href': 'https://api.spotify.com/v1/artists/5fhRcv2KU96vbXqNE2FEdu', 'id': '5fhRcv2KU96vbXqNE2FEdu', 'name': 'Sheila', 'type': 'artist', 'uri': 'spotify:artist:5fhRcv2KU96vbXqNE2FEdu'}, {'external_urls': {'spotify': 'https://open.spotify.com/artist/39JPkNKbtKPwj6OR9jRlKv'}, 'href': 'https://api.spotify.com/v1/artists/39JPkNKbtKPwj6OR9jRlKv', 'id': '39JPkNKbtKPwj6OR9jRlKv', 'name': 'B. Devotion', 'type': 'artist', 'uri': 'spotify:artist:39JPkNKbtKPwj6OR9jRlKv'}]",https://p.scdn.co/mp3-preview/1f2a119b6ddd9cfc31baa3fc9d3f7c49685c30a4?cid=57daa17ab8e544dcab420c4b154c56d9,disco
26vKwxgkbm2jcKyjvmScPK,I Feel for You,"[{'external_urls': {'spotify': 'https://open.spotify.com/artist/6mQfAAqZGBzIfrmlZCeaYT'}, 'href': 'https://api.spotify.com/v1/artists/6mQfAAqZGBzIfrmlZCeaYT', 'id': '6mQfAAqZGBzIfrmlZCeaYT', 'name': 'Chaka Khan', 'type': 'artist', 'uri': 'spotify:artist:6mQfAAqZGBzIfrmlZCeaYT'}]",https://p.scdn.co/mp3-preview/0493221994abde6548ddb535a5244d96f220e1ae?cid=57daa17ab8e544dcab420c4b154c56d9,disco
2iblMMIgSznA464mNov7A8,Don't Stop the Party (feat. TJR),"[{'external_urls': {'spotify': 'https://open.spotify.com/artist/0TnOYISbd1XYRBk9myaseg'}, 'href': 'https://api.spotify.com/v1/artists/0TnOYISbd1XYRBk9myaseg', 'id': '0TnOYISbd1XYRBk9myaseg', 'name': 'Pitbull', 'type': 'artist', 'uri': 'spotify:artist:0TnOYISbd1XYRBk9myaseg'}, {'external_urls': {'spotify': 'https://open.spotify.com/artist/3if5kERjnWL9N0g3e9yEm5'}, 'href': 'https://api.spotify.com/v1/artists/3if5kERjnWL9N0g3e9yEm5', 'id': '3if5kERjnWL9N0g3e9yEm5', 'name': 'Tjr', 'type': 'artist', 'uri': 'spotify:artist:3if5kERjnWL9N0g3e9yEm5'}]",https://p.scdn.co/mp3-preview/7fd27386664a73671658bce5a9d18ca7ec1936d4?cid=57daa17ab8e544dcab420c4b154c56d9,disco
6PtXobrqImYfnpIxNsJApa,Bad (feat. Vassy) - Radio Edit,"[{'external_urls': {'spotify': 'https://open.spotify.com/artist/1Cs0zKBU1kc0i8ypK3B9ai'}, 'href': 'https://api.spotify.com/v1/artists/1Cs0zKBU1kc0i8ypK3B9ai', 'id': '1Cs0zKBU1kc0i8ypK3B9ai', 'name': 'David Guetta', 'type': 'artist', 'uri': 'spotify:artist:1Cs0zKBU1kc0i8ypK3B9ai'}, {'external_urls': {'spotify': 'https://open.spotify.com/artist/3gk0OYeLFWYupGFRHqLSR7'}, 'href': 'https://api.spotify.com/v1/artists/3gk0OYeLFWYupGFRHqLSR7', 'id': '3gk0OYeLFWYupGFRHqLSR7', 'name': 'Showtek', 'type': 'artist', 'uri': 'spotify:artist:3gk0OYeLFWYupGFRHqLSR7'}, {'external_urls': {'spotify': 'https://open.spotify.com/artist/7HqEmV7FeCi16bQyHMpIrF'}, 'href': 'https://api.spotify.com/v1/artists/7HqEmV7FeCi16bQyHMpIrF', 'id': '7HqEmV7FeCi16bQyHMpIrF', 'name': 'VASSY', 'type': 'artist', 'uri': 'spotify:artist:7HqEmV7FeCi16bQyHMpIrF'}]",https://p.scdn.co/mp3-preview/8ba977e7297a72f7e802bf3cd647616fcfca15a1?cid=57daa17ab8e544dcab420c4b154c56d9,disco
3LyetI45on2w6hV1H3agi9,"So Many Men, So Little Time","[{'external_urls': {'spotify': 'https://open.spotify.com/artist/0y6KR72CWZyrsYZr8iAq4G'}, 'href': 'https://api.spotify.com/v1/artists/0y6KR72CWZyrsYZr8iAq4G', 'id': '0y6KR72CWZyrsYZr8iAq4G', 'name': 'Miquel Brown', 'type': 'artist', 'uri': 'spotify:artist:0y6KR72CWZyrsYZr8iAq4G'}]",https://p.scdn.co/mp3-preview/8de3092dc7b93e8c806fb4281e83500c02b96ae5?cid=57daa17ab8e544dcab420c4b154c56d9,disco
28285KFbyCq8sJofn58qlD,Love Train,"[{'external_urls': {'spotify': 'https://open.spotify.com/artist/38h03gA85YYPeDPd9ER9rT'}, 'href': 'https://api.spotify.com/v1/artists/38h03gA85YYPeDPd9ER9rT', 'id': '38h03gA85YYPeDPd9ER9rT', 'name': ""The O'Jays"", 'type': 'artist', 'uri': 'spotify:artist:38h03gA85YYPeDPd9ER9rT'}]",https://p.scdn.co/mp3-preview/6a2c40a2caaaaea4657b96e9991c1d90773983bf?cid=57daa17ab8e544dcab420c4b154c56d9,disco
3pf96IFggfQuT6Gafqx2rt,Sunny,"[{'external_urls': {'spotify': 'https://open.spotify.com/artist/54R6Y0I7jGUCveDTtI21nb'}, 'href': 'https://api.spotify.com/v1/artists/54R6Y0I7jGUCveDTtI21nb', 'id': '54R6Y0I7jGUCveDTtI21nb', 'name': 'Boney M.', 'type': 'artist', 'uri': 'spotify:artist:54R6Y0I7jGUCveDTtI21nb'}]",https://p.scdn.co/mp3-preview/5665823591395cba556aec206d2fd06814f6d5ea?cid=57daa17ab8e544dcab420c4b154c56d9,disco
4lteGaLzU5veJOe6wnOvz4,Dancer,"[{'external_urls': {'spotify': 'https://open.spotify.com/artist/3q2AjYY7FmiMh29bKki4EE'}, 'href': 'https://api.spotify.com/v1/artists/3q2AjYY7FmiMh29bKki4EE', 'id': '3q2AjYY7FmiMh29bKki4EE', 'name': 'Gino Soccio', 'type': 'artist', 'uri': 'spotify:artist:3q2AjYY7FmiMh29bKki4EE'}]",https://p.scdn.co/mp3-preview/1d234b56d2c549e3f21577083612d7e02c8572f1?cid=57daa17ab8e544dcab420c4b154c56d9,disco
0s45sL9DLOcro6VbmagQKl,Rock the Boat,"[{'external_urls': {'spotify': 'https://open.spotify.com/artist/6PpGPIrFf3LM7Q77eR4Bts'}, 'href': 'https://api.spotify.com/v1/artists/6PpGPIrFf3LM7Q77eR4Bts', 'id': '6PpGPIrFf3LM7Q77eR4Bts', 'name': 'Hues Corporation', 'type': 'artist', 'uri': 'spotify:artist:6PpGPIrFf3LM7Q77eR4Bts'}]",https://p.scdn.co/mp3-preview/d9acc6522961aa4f9c510bff88ffe00184b25856?cid=57daa17ab8e544dcab420c4b154c56d9,disco
0D2VYiRlBv43asKUgieZaM,Jubel - Radio Edit,"[{'external_urls': {'spotify': 'https://open.spotify.com/artist/1L9i6qZYIGQedgM9QLSyzb'}, 'href': 'https://api.spotify.com/v1/artists/1L9i6qZYIGQedgM9QLSyzb', 'id': '1L9i6qZYIGQedgM9QLSyzb', 'name': 'Klingande', 'type': 'artist', 'uri': 'spotify:artist:1L9i6qZYIGQedgM9QLSyzb'}]",https://p.scdn.co/mp3-preview/609d21d24ab7a92e5912c416e4662458098ec6db?cid=57daa17ab8e544dcab420c4b154c56d9,disco
0D7L4pBEGv8ni1cRfaTdMJ,Play That Funky Music,"[{'external_urls': {'spotify': 'https://open.spotify.com/artist/4apX9tIeHb85yPyy4F6FJG'}, 'href': 'https://api.spotify.com/v1/artists/4apX9tIeHb85yPyy4F6FJG', 'id': '4apX9tIeHb85yPyy4F6FJG', 'name': 'Wild Cherry', 'type': 'artist', 'uri': 'spotify:artist:4apX9tIeHb85yPyy4F6FJG'}]",https://p.scdn.co/mp3-preview/dea782268ddbd6e5eacbc1a3968bc4f195f37a51?cid=57daa17ab8e544dcab420c4b154c56d9,disco
5ChkMS8OtdzJeqyybCc9R5,Billie Jean,"[{'external_urls': {'spotify': 'https://open.spotify.com/artist/3fMbdgg4jU18AjLCKBhRSm'}, 'href': 'https://api.spotify.com/v1/artists/3fMbdgg4jU18AjLCKBhRSm', 'id': '3fMbdgg4jU18AjLCKBhRSm', 'name': 'Michael Jackson', 'type': 'artist', 'uri': 'spotify:artist:3fMbdgg4jU18AjLCKBhRSm'}]",https://p.scdn.co/mp3-preview/f504e6b8e037771318656394f532dede4f9bcaea?cid=57daa17ab8e544dcab420c4b154c56d9,disco
3CMBcPY38gVQjsp6V2fvvn,Ring My Bell - Re-Record,"[{'external_urls': {'spotify': 'https://open.spotify.com/artist/3Dd6jD1AApgtNoU6SJWR7P'}, 'href': 'https://api.spotify.com/v1/artists/3Dd6jD1AApgtNoU6SJWR7P', 'id': '3Dd6jD1AApgtNoU6SJWR7P', 'name': 'Anita Ward', 'type': 'artist', 'uri': 'spotify:artist:3Dd6jD1AApgtNoU6SJWR7P'}]",https://p.scdn.co/mp3-preview/23b8ae81ef945c69e9e04a42590b6e4fcbaaa0ca?cid=57daa17ab8e544dcab420c4b154c56d9,disco
59K6GctkD8lWljFYa8eE6D,Jump (For My Love) - Single Remix,"[{'external_urls': {'spotify': 'https://open.spotify.com/artist/2kreKea2n96dXjcyAU9j5N'}, 'href': 'https://api.spotify.com/v1/artists/2kreKea2n96dXjcyAU9j5N', 'id': '2kreKea2n96dXjcyAU9j5N', 'name': 'The Pointer Sisters', 'type': 'artist', 'uri': 'spotify:artist:2kreKea2n96dXjcyAU9j5N'}]",https://p.scdn.co/mp3-preview/eb5a6b429fed2f8db8c5b3d3412d9b06144c9c2b?cid=57daa17ab8e544dcab420c4b154c56d9,disco
5wQVLZ01qf2B63Sz9cAAKu,"Yes Sir, I Can Boogie","[{'external_urls': {'spotify': 'https://open.spotify.com/artist/4dn4KQgTE4P3jrwa3iIVzQ'}, 'href': 'https://api.spotify.com/v1/artists/4dn4KQgTE4P3jrwa3iIVzQ', 'id': '4dn4KQgTE4P3jrwa3iIVzQ', 'name': 'Baccara', 'type': 'artist', 'uri': 'spotify:artist:4dn4KQgTE4P3jrwa3iIVzQ'}]",https://p.scdn.co/mp3-preview/b0165954b5686b4b518a7ad449c1531fbe1457b6?cid=57daa17ab8e544dcab420c4b154c56d9,disco
09ISyLOPeuno7kKlzdbZuq,Stamp on the Ground - Radio Edit,"[{'external_urls': {'spotify': 'https://open.spotify.com/artist/5nkYRuiIHg2xXHFC8bfosJ'}, 'href': 'https://api.spotify.com/v1/artists/5nkYRuiIHg2xXHFC8bfosJ', 'id': '5nkYRuiIHg2xXHFC8bfosJ', 'name': 'ItaloBrothers', 'type': 'artist', 'uri': 'spotify:artist:5nkYRuiIHg2xXHFC8bfosJ'}]",https://p.scdn.co/mp3-preview/d8be08688f7e474791a05e95eb75d5530719d8f0?cid=57daa17ab8e544dcab420c4b154c56d9,disco
6w2A10HCO5nhBCaNLk4aS2,Trumpsta - Djuro Remix,"[{'external_urls': {'spotify': 'https://open.spotify.com/artist/1TlTz1l8LzQ7AiXjBO77Ep'}, 'href': 'https://api.spotify.com/v1/artists/1TlTz1l8LzQ7AiXjBO77Ep', 'id': '1TlTz1l8LzQ7AiXjBO77Ep', 'name': 'Contiez', 'type': 'artist', 'uri': 'spotify:artist:1TlTz1l8LzQ7AiXjBO77Ep'}, {'external_urls': {'spotify': 'https://open.spotify.com/artist/2vz513fFOvrrkuISQd1CYG'}, 'href': 'https://api.spotify.com/v1/artists/2vz513fFOvrrkuISQd1CYG', 'id': '2vz513fFOvrrkuISQd1CYG', 'name': 'Treyy G', 'type': 'artist', 'uri': 'spotify:artist:2vz513fFOvrrkuISQd1CYG'}]",https://p.scdn.co/mp3-preview/0c70536dadb45c6fded6a16f65bf029c706ba43d?cid=57daa17ab8e544dcab420c4b154c56d9,disco
6yh8yf1jpPrTMA5cezYpbi,The Second Time Around,"[{'external_urls': {'spotify': 'https://open.spotify.com/artist/3REpOYo13YkVj1dFzda12A'}, 'href': 'https://api.spotify.com/v1/artists/3REpOYo13YkVj1dFzda12A', 'id': '3REpOYo13YkVj1dFzda12A', 'name': 'Shalamar', 'type': 'artist', 'uri': 'spotify:artist:3REpOYo13YkVj1dFzda12A'}]",https://p.scdn.co/mp3-preview/cd26aad8b425ea26dc2600059e58b4fb2cac3f65?cid=57daa17ab8e544dcab420c4b154c56d9,disco
2gNAGt7gUiMkagkhIiDLPm,Dansa Pausa,"[{'external_urls': {'spotify': 'https://open.spotify.com/artist/7DXjp1eSv6Xf759gmCiApa'}, 'href': 'https://api.spotify.com/v1/artists/7DXjp1eSv6Xf759gmCiApa', 'id': '7DXjp1eSv6Xf759gmCiApa', 'name': 'Panetoz', 'type': 'artist', 'uri': 'spotify:artist:7DXjp1eSv6Xf759gmCiApa'}]",https://p.scdn.co/mp3-preview/7872b49150e61748d3766c705b4717db3c0e37c2?cid=57daa17ab8e544dcab420c4b154c56d9,disco
0ZvLrvwzp0nBkfmtzL7XO1,Relight My Fire - Single Version,"[{'external_urls': {'spotify': 'https://open.spotify.com/artist/1HvcqyRLS9nF8hAbTWOqpr'}, 'href': 'https://api.spotify.com/v1/artists/1HvcqyRLS9nF8hAbTWOqpr', 'id': '1HvcqyRLS9nF8hAbTWOqpr', 'name': 'Dan Hartman', 'type': 'artist', 'uri': 'spotify:artist:1HvcqyRLS9nF8hAbTWOqpr'}]",https://p.scdn.co/mp3-preview/811c5fd1049e3ee9e239aa924aaae0e0ba19dbae?cid=57daa17ab8e544dcab420c4b154c56d9,disco
2CVqF1sLhwut4NiZxzNUnC,Sweet Dreams (Are Made of This),"[{'external_urls': {'spotify': 'https://open.spotify.com/artist/0NKDgy9j66h3DLnN8qu1bB'}, 'href': 'https://api.spotify.com/v1/artists/0NKDgy9j66h3DLnN8qu1bB', 'id': '0NKDgy9j66h3DLnN8qu1bB', 'name': 'Eurythmics', 'type': 'artist', 'uri': 'spotify:artist:0NKDgy9j66h3DLnN8qu1bB'}, {'external_urls': {'spotify': 'https://open.spotify.com/artist/5MspMQqdVbdwP6ax3GXqum'}, 'href': 'https://api.spotify.com/v1/artists/5MspMQqdVbdwP6ax3GXqum', 'id': '5MspMQqdVbdwP6ax3GXqum', 'name': 'Annie Lennox', 'type': 'artist', 'uri': 'spotify:artist:5MspMQqdVbdwP6ax3GXqum'}, {'external_urls': {'spotify': 'https://open.spotify.com/artist/7gcCQIlkkfbul5Mt0jBQkg'}, 'href': 'https://api.spotify.com/v1/artists/7gcCQIlkkfbul5Mt0jBQkg', 'id': '7gcCQIlkkfbul5Mt0jBQkg', 'name': 'Dave Stewart', 'type': 'artist', 'uri': 'spotify:artist:7gcCQIlkkfbul5Mt0jBQkg'}]",https://p.scdn.co/mp3-preview/42294fbcc0af128f14c45e62f833387f81752288?cid=57daa17ab8e544dcab420c4b154c56d9,disco
2mTjtdoxpffwa5rXVyZZaS,You Can't Hurry Love,"[{'external_urls': {'spotify': 'https://open.spotify.com/artist/57bUPid8xztkieZfS7OlEV'}, 'href': 'https://api.spotify.com/v1/artists/57bUPid8xztkieZfS7OlEV', 'id': '57bUPid8xztkieZfS7OlEV', 'name': 'The Supremes', 'type': 'artist', 'uri': 'spotify:artist:57bUPid8xztkieZfS7OlEV'}]",https://p.scdn.co/mp3-preview/221ee299cf4668e82a547623b7fea7c724cdf3e1?cid=57daa17ab8e544dcab420c4b154c56d9,disco
2yFh7Oz9g0bpHp3iis2Iu2,Talk Dirty (feat. 2 Chainz),"[{'external_urls': {'spotify': 'https://open.spotify.com/artist/07YZf4WDAMNwqr4jfgOZ8y'}, 'href': 'https://api.spotify.com/v1/artists/07YZf4WDAMNwqr4jfgOZ8y', 'id': '07YZf4WDAMNwqr4jfgOZ8y', 'name': 'Jason Derulo', 'type': 'artist', 'uri': 'spotify:artist:07YZf4WDAMNwqr4jfgOZ8y'}, {'external_urls': {'spotify': 'https://open.spotify.com/artist/17lzZA2AlOHwCwFALHttmp'}, 'href': 'https://api.spotify.com/v1/artists/17lzZA2AlOHwCwFALHttmp', 'id': '17lzZA2AlOHwCwFALHttmp', 'name': '2 Chainz', 'type': 'artist', 'uri': 'spotify:artist:17lzZA2AlOHwCwFALHttmp'}]",https://p.scdn.co/mp3-preview/222364acc54017734b3e55a124e41106849e76f8?cid=57daa17ab8e544dcab420c4b154c56d9,disco
5T7ZFtCcOgkpjxcuaeZbw0,Best Song Ever,"[{'external_urls': {'spotify': 'https://open.spotify.com/artist/4AK6F7OLvEQ5QYCBNiQWHq'}, 'href': 'https://api.spotify.com/v1/artists/4AK6F7OLvEQ5QYCBNiQWHq', 'id': '4AK6F7OLvEQ5QYCBNiQWHq', 'name': 'One Direction', 'type': 'artist', 'uri': 'spotify:artist:4AK6F7OLvEQ5QYCBNiQWHq'}]",https://p.scdn.co/mp3-preview/5e4931ee7653a4f078e1734c64daa14bd4262054?cid=57daa17ab8e544dcab420c4b154c56d9,disco
2DX0WG5OGLQLaXb41Cq1IA,I Will Survive - Remastered,"[{'external_urls': {'spotify': 'https://open.spotify.com/artist/6V6WCgi7waF55bJmylC4H5'}, 'href': 'https://api.spotify.com/v1/artists/6V6WCgi7waF55bJmylC4H5', 'id': '6V6WCgi7waF55bJmylC4H5', 'name': 'Gloria Gaynor', 'type': 'artist', 'uri': 'spotify:artist:6V6WCgi7waF55bJmylC4H5'}]",https://p.scdn.co/mp3-preview/136f43b54553a7ead7cb3c40762a5da0c5b6908e?cid=57daa17ab8e544dcab420c4b154c56d9,disco
7wMq5n8mYSKlQIGECKUgTX,Hall of Fame (feat. will.i.am),"[{'external_urls': {'spotify': 'https://open.spotify.com/artist/3AQRLZ9PuTAozP28Skbq8V'}, 'href': 'https://api.spotify.com/v1/artists/3AQRLZ9PuTAozP28Skbq8V', 'id': '3AQRLZ9PuTAozP28Skbq8V', 'name': 'The Script', 'type': 'artist', 'uri': 'spotify:artist:3AQRLZ9PuTAozP28Skbq8V'}, {'external_urls': {'spotify': 'https://open.spotify.com/artist/085pc2PYOi8bGKj0PNjekA'}, 'href': 'https://api.spotify.com/v1/artists/085pc2PYOi8bGKj0PNjekA', 'id': '085pc2PYOi8bGKj0PNjekA', 'name': 'will.i.am', 'type': 'artist', 'uri': 'spotify:artist:085pc2PYOi8bGKj0PNjekA'}]",https://p.scdn.co/mp3-preview/87ee8d6680a271e44e1130dbdf9901c4ccd47002?cid=57daa17ab8e544dcab420c4b154c56d9,disco
62zFEHfAYl5kdHYOivj4BC,International Love (feat. Chris Brown),"[{'external_urls': {'spotify': 'https://open.spotify.com/artist/0TnOYISbd1XYRBk9myaseg'}, 'href': 'https://api.spotify.com/v1/artists/0TnOYISbd1XYRBk9myaseg', 'id': '0TnOYISbd1XYRBk9myaseg', 'name': 'Pitbull', 'type': 'artist', 'uri': 'spotify:artist:0TnOYISbd1XYRBk9myaseg'}, {'external_urls': {'spotify': 'https://open.spotify.com/artist/7bXgB6jMjp9ATFy66eO08Z'}, 'href': 'https://api.spotify.com/v1/artists/7bXgB6jMjp9ATFy66eO08Z', 'id': '7bXgB6jMjp9ATFy66eO08Z', 'name': 'Chris Brown', 'type': 'artist', 'uri': 'spotify:artist:7bXgB6jMjp9ATFy66eO08Z'}]",https://p.scdn.co/mp3-preview/23235746b5a67425fe870638ede360e7f4177f00?cid=57daa17ab8e544dcab420c4b154c56d9,disco
7KPr0YxECy4Q1k2F17Sa0Q,Memories (feat. Kid Cudi),"[{'external_urls': {'spotify': 'https://open.spotify.com/artist/1Cs0zKBU1kc0i8ypK3B9ai'}, 'href': 'https://api.spotify.com/v1/artists/1Cs0zKBU1kc0i8ypK3B9ai', 'id': '1Cs0zKBU1kc0i8ypK3B9ai', 'name': 'David Guetta', 'type': 'artist', 'uri': 'spotify:artist:1Cs0zKBU1kc0i8ypK3B9ai'}, {'external_urls': {'spotify': 'https://open.spotify.com/artist/0fA0VVWsXO9YnASrzqfmYu'}, 'href': 'https://api.spotify.com/v1/artists/0fA0VVWsXO9YnASrzqfmYu', 'id': '0fA0VVWsXO9YnASrzqfmYu', 'name': 'Kid Cudi', 'type': 'artist', 'uri': 'spotify:artist:0fA0VVWsXO9YnASrzqfmYu'}]",https://p.scdn.co/mp3-preview/9364e08b3d1452c0afd107b6f21e9f9140450812?cid=57daa17ab8e544dcab420c4b154c56d9,disco
2rrTjzLqStl7x5sdWSCero,Miss Decibel,"[{'external_urls': {'spotify': 'https://open.spotify.com/artist/3HbP7OfT7PCV0BrR0ReUkC'}, 'href': 'https://api.spotify.com/v1/artists/3HbP7OfT7PCV0BrR0ReUkC', 'id': '3HbP7OfT7PCV0BrR0ReUkC', 'name': 'Medina', 'type': 'artist', 'uri': 'spotify:artist:3HbP7OfT7PCV0BrR0ReUkC'}]",https://p.scdn.co/mp3-preview/4ffb5a05aa4f36279991d2f2cefe220c0989522a?cid=57daa17ab8e544dcab420c4b154c56d9,disco
5MuNxNox3zTanAFIO5KcTl,He's the Greatest Dancer,"[{'external_urls': {'spotify': 'https://open.spotify.com/artist/6gkWznnJkdkwRPVcmnrays'}, 'href': 'https://api.spotify.com/v1/artists/6gkWznnJkdkwRPVcmnrays', 'id': '6gkWznnJkdkwRPVcmnrays', 'name': 'Sister Sledge', 'type': 'artist', 'uri': 'spotify:artist:6gkWznnJkdkwRPVcmnrays'}]",https://p.scdn.co/mp3-preview/1a0f32d036929246da89075dbe9ff20ca45fb830?cid=57daa17ab8e544dcab420c4b154c56d9,disco
0DiWol3AO6WpXZgp0goxAV,One More Time,"[{'external_urls': {'spotify': 'https://open.spotify.com/artist/4tZwfgrHOc3mvqYlEYSvVi'}, 'href': 'https://api.spotify.com/v1/artists/4tZwfgrHOc3mvqYlEYSvVi', 'id': '4tZwfgrHOc3mvqYlEYSvVi', 'name': 'Daft Punk', 'type': 'artist', 'uri': 'spotify:artist:4tZwfgrHOc3mvqYlEYSvVi'}]",https://p.scdn.co/mp3-preview/c27897e8eb4c0910e052c9beb6711432f3630879?cid=57daa17ab8e544dcab420c4b154c56d9,disco
2Cd9iWfcOpGDHLz6tVA3G4,Waka Waka (This Time for Africa) [The Official 2010 FIFA World Cup (TM) Song] (feat. Freshlyground),"[{'external_urls': {'spotify': 'https://open.spotify.com/artist/0EmeFodog0BfCgMzAIvKQp'}, 'href': 'https://api.spotify.com/v1/artists/0EmeFodog0BfCgMzAIvKQp', 'id': '0EmeFodog0BfCgMzAIvKQp', 'name': 'Shakira', 'type': 'artist', 'uri': 'spotify:artist:0EmeFodog0BfCgMzAIvKQp'}, {'external_urls': {'spotify': 'https://open.spotify.com/artist/7AcV1lk8Zrgo1691PDWEle'}, 'href': 'https://api.spotify.com/v1/artists/7AcV1lk8Zrgo1691PDWEle', 'id': '7AcV1lk8Zrgo1691PDWEle', 'name': 'Freshlyground', 'type': 'artist', 'uri': 'spotify:artist:7AcV1lk8Zrgo1691PDWEle'}]",https://p.scdn.co/mp3-preview/f01830f7be6c8b654d44c8f7a1f1d06756ab920f?cid=57daa17ab8e544dcab420c4b154c56d9,disco
5HOpkTTVcmZHnthgyxrIL8,The Fox (What Does the Fox Say?),"[{'external_urls': {'spotify': 'https://open.spotify.com/artist/2lEOFtf3cCyzomQcMHJGfZ'}, 'href': 'https://api.spotify.com/v1/artists/2lEOFtf3cCyzomQcMHJGfZ', 'id': '2lEOFtf3cCyzomQcMHJGfZ', 'name': 'Ylvis', 'type': 'artist', 'uri': 'spotify:artist:2lEOFtf3cCyzomQcMHJGfZ'}]",https://p.scdn.co/mp3-preview/42f7a502c081b3737334f328a9481940971e13fb?cid=57daa17ab8e544dcab420c4b154c56d9,disco
07MHhfYd2Kkt2zFnqRZM1z,Boogie Shoes - 45 Version,"[{'external_urls': {'spotify': 'https://open.spotify.com/artist/3mQBpAOMWYqAZyxtyeo4Lo'}, 'href': 'https://api.spotify.com/v1/artists/3mQBpAOMWYqAZyxtyeo4Lo', 'id': '3mQBpAOMWYqAZyxtyeo4Lo', 'name': 'KC & The Sunshine Band', 'type': 'artist', 'uri': 'spotify:artist:3mQBpAOMWYqAZyxtyeo4Lo'}]",https://p.scdn.co/mp3-preview/c23dd5c75469c4d4b9f8fe56fb28c0c97d8d9a8c?cid=57daa17ab8e544dcab420c4b154c56d9,disco
3XVozq1aeqsJwpXrEZrDJ9,Ice Ice Baby,"[{'external_urls': {'spotify': 'https://open.spotify.com/artist/7GXXMm3DB1VswVcuGyInUd'}, 'href': 'https://api.spotify.com/v1/artists/7GXXMm3DB1VswVcuGyInUd', 'id': '7GXXMm3DB1VswVcuGyInUd', 'name': 'Vanilla Ice', 'type': 'artist', 'uri': 'spotify:artist:7GXXMm3DB1VswVcuGyInUd'}]",https://p.scdn.co/mp3-preview/6545dbe31d7d19eb714c1ac49e04008706e05b4c?cid=57daa17ab8e544dcab420c4b154c56d9,disco
6T27IN7Ai94BeDv6PPCmoC,Turn Me On (feat. Nicki Minaj),"[{'external_urls': {'spotify': 'https://open.spotify.com/artist/1Cs0zKBU1kc0i8ypK3B9ai'}, 'href': 'https://api.spotify.com/v1/artists/1Cs0zKBU1kc0i8ypK3B9ai', 'id': '1Cs0zKBU1kc0i8ypK3B9ai', 'name': 'David Guetta', 'type': 'artist', 'uri': 'spotify:artist:1Cs0zKBU1kc0i8ypK3B9ai'}, {'external_urls': {'spotify': 'https://open.spotify.com/artist/0hCNtLu0JehylgoiP8L4Gh'}, 'href': 'https://api.spotify.com/v1/artists/0hCNtLu0JehylgoiP8L4Gh', 'id': '0hCNtLu0JehylgoiP8L4Gh', 'name': 'Nicki Minaj', 'type': 'artist', 'uri': 'spotify:artist:0hCNtLu0JehylgoiP8L4Gh'}]",https://p.scdn.co/mp3-preview/83ca8ab672a0a2dc4b8fc7ed30a3ce234e9a8fe2?cid=57daa17ab8e544dcab420c4b154c56d9,disco
7htuX4mIrg5njoVXm1QSkU,The Love I Lost,"[{'external_urls': {'spotify': 'https://open.spotify.com/artist/438JBZR1AR0l04AzcYW9gy'}, 'href': 'https://api.spotify.com/v1/artists/438JBZR1AR0l04AzcYW9gy', 'id': '438JBZR1AR0l04AzcYW9gy', 'name': 'Harold Melvin & The Blue Notes', 'type': 'artist', 'uri': 'spotify:artist:438JBZR1AR0l04AzcYW9gy'}]",https://p.scdn.co/mp3-preview/54ab587bc1cd94109855144838f770db64e8c0be?cid=57daa17ab8e544dcab420c4b154c56d9,disco
1CmmRxVeqXDdqbSoPy1XgV,She Doesn't Mind,"[{'external_urls': {'spotify': 'https://open.spotify.com/artist/3Isy6kedDrgPYoTS1dazA9'}, 'href': 'https://api.spotify.com/v1/artists/3Isy6kedDrgPYoTS1dazA9', 'id': '3Isy6kedDrgPYoTS1dazA9', 'name': 'Sean Paul', 'type': 'artist', 'uri': 'spotify:artist:3Isy6kedDrgPYoTS1dazA9'}]",https://p.scdn.co/mp3-preview/f7b3f3f19f93b59c91f1a7101558b62571fe65e2?cid=57daa17ab8e544dcab420c4b154c56d9,disco
6HdM7gzXVgcpepv276raog,It's My Life,"[{'external_urls': {'spotify': 'https://open.spotify.com/artist/6BkcAbUkfIBM4XudxieMq8'}, 'href': 'https://api.spotify.com/v1/artists/6BkcAbUkfIBM4XudxieMq8', 'id': '6BkcAbUkfIBM4XudxieMq8', 'name': 'Dr. Alban', 'type': 'artist', 'uri': 'spotify:artist:6BkcAbUkfIBM4XudxieMq8'}]",https://p.scdn.co/mp3-preview/161554d92cc88e782df9d4b8fa35cf285d8102b6?cid=57daa17ab8e544dcab420c4b154c56d9,disco
7mimnm2QlSzW3J38FRMETP,Thinking of You,"[{'external_urls': {'spotify': 'https://open.spotify.com/artist/6gkWznnJkdkwRPVcmnrays'}, 'href': 'https://api.spotify.com/v1/artists/6gkWznnJkdkwRPVcmnrays', 'id': '6gkWznnJkdkwRPVcmnrays', 'name': 'Sister Sledge', 'type': 'artist', 'uri': 'spotify:artist:6gkWznnJkdkwRPVcmnrays'}]",https://p.scdn.co/mp3-preview/6b878c0e2cdcd7991ce50628f59e7c31135c7d04?cid=57daa17ab8e544dcab420c4b154c56d9,disco
46RVKt5Edm1zl0rXhPJZxz,Down Under,"[{'external_urls': {'spotify': 'https://open.spotify.com/artist/0f3EsoviYnRKTkmayI3cux'}, 'href': 'https://api.spotify.com/v1/artists/0f3EsoviYnRKTkmayI3cux', 'id': '0f3EsoviYnRKTkmayI3cux', 'name': 'Men At Work', 'type': 'artist', 'uri': 'spotify:artist:0f3EsoviYnRKTkmayI3cux'}]",https://p.scdn.co/mp3-preview/e2a0e908126b04c92cf0f80c29242d46f2b45396?cid=57daa17ab8e544dcab420c4b154c56d9,disco
38iU2jg98IZZEIJPrP7aWD,Till the World Ends,"[{'external_urls': {'spotify': 'https://open.spotify.com/artist/26dSoYclwsYLMAKD3tpOr4'}, 'href': 'https://api.spotify.com/v1/artists/26dSoYclwsYLMAKD3tpOr4', 'id': '26dSoYclwsYLMAKD3tpOr4', 'name': 'Britney Spears', 'type': 'artist', 'uri': 'spotify:artist:26dSoYclwsYLMAKD3tpOr4'}]",https://p.scdn.co/mp3-preview/fd017ae5c0a60cff3d5f5b4d37c4e8617c93b11f?cid=57daa17ab8e544dcab420c4b154c56d9,disco
5PsMbxhgWpJMsouEfDTX6r,Locked out of Heaven,"[{'external_urls': {'spotify': 'https://open.spotify.com/artist/0du5cEVh5yTK9QJze8zA0C'}, 'href': 'https://api.spotify.com/v1/artists/0du5cEVh5yTK9QJze8zA0C', 'id': '0du5cEVh5yTK9QJze8zA0C', 'name': 'Bruno Mars', 'type': 'artist', 'uri': 'spotify:artist:0du5cEVh5yTK9QJze8zA0C'}]",https://p.scdn.co/mp3-preview/c647489f28d840b545b90e10067012f504dc7b68?cid=57daa17ab8e544dcab420c4b154c56d9,disco
3WMbD1OyfKuwWDWMNbPQ4g,Daddy Cool,"[{'external_urls': {'spotify': 'https://open.spotify.com/artist/54R6Y0I7jGUCveDTtI21nb'}, 'href': 'https://api.spotify.com/v1/artists/54R6Y0I7jGUCveDTtI21nb', 'id': '54R6Y0I7jGUCveDTtI21nb', 'name': 'Boney M.', 'type': 'artist', 'uri': 'spotify:artist:54R6Y0I7jGUCveDTtI21nb'}]",https://p.scdn.co/mp3-preview/191db1a9fda3057414633281ec1107140747c2d0?cid=57daa17ab8e544dcab420c4b154c56d9,disco
7kllQQPam6HumbUCIPSvHJ,T.S.O.P. (The Sound of Philadelphia) (feat. The Three Degrees),"[{'external_urls': {'spotify': 'https://open.spotify.com/artist/2mknvtcck8i82nKxDPDibv'}, 'href': 'https://api.spotify.com/v1/artists/2mknvtcck8i82nKxDPDibv', 'id': '2mknvtcck8i82nKxDPDibv', 'name': 'MFSB', 'type': 'artist', 'uri': 'spotify:artist:2mknvtcck8i82nKxDPDibv'}, {'external_urls': {'spotify': 'https://open.spotify.com/artist/2zpFG5cvw00QmrYTUsjApa'}, 'href': 'https://api.spotify.com/v1/artists/2zpFG5cvw00QmrYTUsjApa', 'id': '2zpFG5cvw00QmrYTUsjApa', 'name': 'The Three Degrees', 'type': 'artist', 'uri': 'spotify:artist:2zpFG5cvw00QmrYTUsjApa'}]",https://p.scdn.co/mp3-preview/9ad7f91469aa7a70897e067fc74f7f14e8ff1a2c?cid=57daa17ab8e544dcab420c4b154c56d9,disco
6VRhkROS2SZHGlp0pxndbJ,Bangarang (feat. Sirah),"[{'external_urls': {'spotify': 'https://open.spotify.com/artist/5he5w2lnU9x7JFhnwcekXX'}, 'href': 'https://api.spotify.com/v1/artists/5he5w2lnU9x7JFhnwcekXX', 'id': '5he5w2lnU9x7JFhnwcekXX', 'name': 'Skrillex', 'type': 'artist', 'uri': 'spotify:artist:5he5w2lnU9x7JFhnwcekXX'}, {'external_urls': {'spotify': 'https://open.spotify.com/artist/3oAazIwC0nAYkOKVQPUC38'}, 'href': 'https://api.spotify.com/v1/artists/3oAazIwC0nAYkOKVQPUC38', 'id': '3oAazIwC0nAYkOKVQPUC38', 'name': 'Sirah', 'type': 'artist', 'uri': 'spotify:artist:3oAazIwC0nAYkOKVQPUC38'}]",https://p.scdn.co/mp3-preview/569d7afebba42141ae4ce4e7bb2012b0b7c0bb51?cid=57daa17ab8e544dcab420c4b154c56d9,disco
0TDLuuLlV54CkRRUOahJb4,Titanium (feat. Sia),"[{'external_urls': {'spotify': 'https://open.spotify.com/artist/1Cs0zKBU1kc0i8ypK3B9ai'}, 'href': 'https://api.spotify.com/v1/artists/1Cs0zKBU1kc0i8ypK3B9ai', 'id': '1Cs0zKBU1kc0i8ypK3B9ai', 'name': 'David Guetta', 'type': 'artist', 'uri': 'spotify:artist:1Cs0zKBU1kc0i8ypK3B9ai'}, {'external_urls': {'spotify': 'https://open.spotify.com/artist/5WUlDfRSoLAfcVSX1WnrxN'}, 'href': 'https://api.spotify.com/v1/artists/5WUlDfRSoLAfcVSX1WnrxN', 'id': '5WUlDfRSoLAfcVSX1WnrxN', 'name': 'Sia', 'type': 'artist', 'uri': 'spotify:artist:5WUlDfRSoLAfcVSX1WnrxN'}]",https://p.scdn.co/mp3-preview/06392eaab5975806f18d8411f5b58f50b1899198?cid=57daa17ab8e544dcab420c4b154c56d9,disco
7sMGwiS4vOMcz86ZY3vKYM,Girls Just Want to Have Fun,"[{'external_urls': {'spotify': 'https://open.spotify.com/artist/2BTZIqw0ntH9MvilQ3ewNY'}, 'href': 'https://api.spotify.com/v1/artists/2BTZIqw0ntH9MvilQ3ewNY', 'id': '2BTZIqw0ntH9MvilQ3ewNY', 'name': 'Cyndi Lauper', 'type': 'artist', 'uri': 'spotify:artist:2BTZIqw0ntH9MvilQ3ewNY'}]",https://p.scdn.co/mp3-preview/b7dc055382341560973132ef4dcb45c150875f37?cid=57daa17ab8e544dcab420c4b154c56d9,disco
5TgD3Wh5ZUZnUU4tmVvJbx,It's Raining Men,"[{'external_urls': {'spotify': 'https://open.spotify.com/artist/19xz1vcuKNjniGEftTOSSH'}, 'href': 'https://api.spotify.com/v1/artists/19xz1vcuKNjniGEftTOSSH', 'id': '19xz1vcuKNjniGEftTOSSH', 'name': 'The Weather Girls', 'type': 'artist', 'uri': 'spotify:artist:19xz1vcuKNjniGEftTOSSH'}]",https://p.scdn.co/mp3-preview/14f845ed905fdee623bd308df4220a076b6b6ae5?cid=57daa17ab8e544dcab420c4b154c56d9,disco
3GbgOBpbw71zpy7lCnU6N6,In The Club,"[{'external_urls': {'spotify': 'https://open.spotify.com/artist/5tVyieWwN9j09jXUovK2zN'}, 'href': 'https://api.spotify.com/v1/artists/5tVyieWwN9j09jXUovK2zN', 'id': '5tVyieWwN9j09jXUovK2zN', 'name': 'Danny Saucedo', 'type': 'artist', 'uri': 'spotify:artist:5tVyieWwN9j09jXUovK2zN'}]",https://p.scdn.co/mp3-preview/cdcf28e604f3f935f5ddabf3eef9cfedde306635?cid=57daa17ab8e544dcab420c4b154c56d9,disco
2cZrrQMjB63c0iIugYH9zS,Rain Over Me (feat. Marc Anthony),"[{'external_urls': {'spotify': 'https://open.spotify.com/artist/0TnOYISbd1XYRBk9myaseg'}, 'href': 'https://api.spotify.com/v1/artists/0TnOYISbd1XYRBk9myaseg', 'id': '0TnOYISbd1XYRBk9myaseg', 'name': 'Pitbull', 'type': 'artist', 'uri': 'spotify:artist:0TnOYISbd1XYRBk9myaseg'}, {'external_urls': {'spotify': 'https://open.spotify.com/artist/4wLXwxDeWQ8mtUIRPxGiD6'}, 'href': 'https://api.spotify.com/v1/artists/4wLXwxDeWQ8mtUIRPxGiD6', 'id': '4wLXwxDeWQ8mtUIRPxGiD6', 'name': 'Marc Anthony', 'type': 'artist', 'uri': 'spotify:artist:4wLXwxDeWQ8mtUIRPxGiD6'}]",https://p.scdn.co/mp3-preview/406c96692d6f572b07901641c6ef857cc32c328d?cid=57daa17ab8e544dcab420c4b154c56d9,disco
0FWhGmPVxLI6jOVF0wjALa,Rapper's Delight,"[{'external_urls': {'spotify': 'https://open.spotify.com/artist/7zliF6Q946WznVk3ZMYhZX'}, 'href': 'https://api.spotify.com/v1/artists/7zliF6Q946WznVk3ZMYhZX', 'id': '7zliF6Q946WznVk3ZMYhZX', 'name': 'The Sugarhill Gang', 'type': 'artist', 'uri': 'spotify:artist:7zliF6Q946WznVk3ZMYhZX'}]",https://p.scdn.co/mp3-preview/4b9ea6b2d929b4a224c52512761703725acf96a9?cid=57daa17ab8e544dcab420c4b154c56d9,disco
4msPRe3NEDVL6dsBcE7AhL,Get Down Tonight,"[{'external_urls': {'spotify': 'https://open.spotify.com/artist/3mQBpAOMWYqAZyxtyeo4Lo'}, 'href': 'https://api.spotify.com/v1/artists/3mQBpAOMWYqAZyxtyeo4Lo', 'id': '3mQBpAOMWYqAZyxtyeo4Lo', 'name': 'KC & The Sunshine Band', 'type': 'artist', 'uri': 'spotify:artist:3mQBpAOMWYqAZyxtyeo4Lo'}]",https://p.scdn.co/mp3-preview/a4b1e550d564f7c692a9c34861d3ed1bb5f540b1?cid=57daa17ab8e544dcab420c4b154c56d9,disco
5fnA9mkIfScSqHIpeDyvck,Prayer in C - Robin Schulz Radio Edit,"[{'external_urls': {'spotify': 'https://open.spotify.com/artist/50OApTJurDusIo9dGTqSU4'}, 'href': 'https://api.spotify.com/v1/artists/50OApTJurDusIo9dGTqSU4', 'id': '50OApTJurDusIo9dGTqSU4', 'name': 'Lilly Wood and The Prick', 'type': 'artist', 'uri': 'spotify:artist:50OApTJurDusIo9dGTqSU4'}, {'external_urls': {'spotify': 'https://open.spotify.com/artist/3t5xRXzsuZmMDkQzgOX35S'}, 'href': 'https://api.spotify.com/v1/artists/3t5xRXzsuZmMDkQzgOX35S', 'id': '3t5xRXzsuZmMDkQzgOX35S', 'name': 'Robin Schulz', 'type': 'artist', 'uri': 'spotify:artist:3t5xRXzsuZmMDkQzgOX35S'}]",https://p.scdn.co/mp3-preview/58068691248c3b9a53eac46f9c8817ac11233913?cid=57daa17ab8e544dcab420c4b154c56d9,disco
5J2UfqBylH8jDQZJnxby81,Sean den förste Banan,"[{'external_urls': {'spotify': 'https://open.spotify.com/artist/4EyhwDFo0iKdv2nMUM4m1Q'}, 'href': 'https://api.spotify.com/v1/artists/4EyhwDFo0iKdv2nMUM4m1Q', 'id': '4EyhwDFo0iKdv2nMUM4m1Q', 'name': 'Sean Banan', 'type': 'artist', 'uri': 'spotify:artist:4EyhwDFo0iKdv2nMUM4m1Q'}]",https://p.scdn.co/mp3-preview/efb64c7d08ad4d0baf7b6b3c42faf071e3854305?cid=57daa17ab8e544dcab420c4b154c56d9,disco
4OdA7oQSpNvUhdOcNJok0D,Love Come Down - Single Version,"[{'external_urls': {'spotify': 'https://open.spotify.com/artist/4JCt4xrbbBB9blkKwNlcJ7'}, 'href': 'https://api.spotify.com/v1/artists/4JCt4xrbbBB9blkKwNlcJ7', 'id': '4JCt4xrbbBB9blkKwNlcJ7', 'name': 'Evelyn ""Champagne"" King', 'type': 'artist', 'uri': 'spotify:artist:4JCt4xrbbBB9blkKwNlcJ7'}]",https://p.scdn.co/mp3-preview/8e4e83d331d3154f06a300f7b1859b5471137106?cid=57daa17ab8e544dcab420c4b154c56d9,disco
1wRHNlEjTmpaXv99BFAGnV,Got To Be Real - Single Version,"[{'external_urls': {'spotify': 'https://open.spotify.com/artist/6UfoTQXaV3DuqtDVjZIxwZ'}, 'href': 'https://api.spotify.com/v1/artists/6UfoTQXaV3DuqtDVjZIxwZ', 'id': '6UfoTQXaV3DuqtDVjZIxwZ', 'name': 'Cheryl Lynn', 'type': 'artist', 'uri': 'spotify:artist:6UfoTQXaV3DuqtDVjZIxwZ'}]",https://p.scdn.co/mp3-preview/5316488d9a73562b5d247a9fa8a0c736349ff127?cid=57daa17ab8e544dcab420c4b154c56d9,disco
22P9rbM3of2anwOn9kz520,Vertigo/Relight My Fire,"[{'external_urls': {'spotify': 'https://open.spotify.com/artist/1HvcqyRLS9nF8hAbTWOqpr'}, 'href': 'https://api.spotify.com/v1/artists/1HvcqyRLS9nF8hAbTWOqpr', 'id': '1HvcqyRLS9nF8hAbTWOqpr', 'name': 'Dan Hartman', 'type': 'artist', 'uri': 'spotify:artist:1HvcqyRLS9nF8hAbTWOqpr'}]",https://p.scdn.co/mp3-preview/a629e6c51a7f14775145620d7a5aa4d7a143911b?cid=57daa17ab8e544dcab420c4b154c56d9,disco
0Jg602cHeMCnPez9baacIe,Cotton Eye Joe,"[{'external_urls': {'spotify': 'https://open.spotify.com/artist/22Zqu1yyebVnbve8FxbJ2g'}, 'href': 'https://api.spotify.com/v1/artists/22Zqu1yyebVnbve8FxbJ2g', 'id': '22Zqu1yyebVnbve8FxbJ2g', 'name': 'Rednex', 'type': 'artist', 'uri': 'spotify:artist:22Zqu1yyebVnbve8FxbJ2g'}]",https://p.scdn.co/mp3-preview/83fb1dbb3f220a9d55f5897e3d2ddcb605c9a530?cid=57daa17ab8e544dcab420c4b154c56d9,disco
3lLt8ofMFRTCcn8u46h4Ff,One Way Ticket,"[{'external_urls': {'spotify': 'https://open.spotify.com/artist/3R6f1aBWwde7ZqGv7hf4dY'}, 'href': 'https://api.spotify.com/v1/artists/3R6f1aBWwde7ZqGv7hf4dY', 'id': '3R6f1aBWwde7ZqGv7hf4dY', 'name': 'Eruption', 'type': 'artist', 'uri': 'spotify:artist:3R6f1aBWwde7ZqGv7hf4dY'}]",https://p.scdn.co/mp3-preview/7c1035986addff16bc1c29f0f5d8b7b49c91388a?cid=57daa17ab8e544dcab420c4b154c56d9,disco
7sm3orGGwNFqmWFSPRl8eT,Give It Up,"[{'external_urls': {'spotify': 'https://open.spotify.com/artist/3mQBpAOMWYqAZyxtyeo4Lo'}, 'href': 'https://api.spotify.com/v1/artists/3mQBpAOMWYqAZyxtyeo4Lo', 'id': '3mQBpAOMWYqAZyxtyeo4Lo', 'name': 'KC & The Sunshine Band', 'type': 'artist', 'uri': 'spotify:artist:3mQBpAOMWYqAZyxtyeo4Lo'}]",https://p.scdn.co/mp3-preview/4fe84ab9b073f87882001a543abb8822f10d55df?cid=57daa17ab8e544dcab420c4b154c56d9,disco
6VCj1ehtOIqOX9aTQlrD1O,Bad Luck,"[{'external_urls': {'spotify': 'https://open.spotify.com/artist/438JBZR1AR0l04AzcYW9gy'}, 'href': 'https://api.spotify.com/v1/artists/438JBZR1AR0l04AzcYW9gy', 'id': '438JBZR1AR0l04AzcYW9gy', 'name': 'Harold Melvin & The Blue Notes', 'type': 'artist', 'uri': 'spotify:artist:438JBZR1AR0l04AzcYW9gy'}]",https://p.scdn.co/mp3-preview/92b45d276365409c2e68e775c844f17f8085150a?cid=57daa17ab8e544dcab420c4b154c56d9,disco
6T0ENH729fIedxSpbQrKJz,Copacabana (At the Copa) - Long Version,"[{'external_urls': {'spotify': 'https://open.spotify.com/artist/3alW3LYQS8K29z8C8NSLIX'}, 'href': 'https://api.spotify.com/v1/artists/3alW3LYQS8K29z8C8NSLIX', 'id': '3alW3LYQS8K29z8C8NSLIX', 'name': 'Barry Manilow', 'type': 'artist', 'uri': 'spotify:artist:3alW3LYQS8K29z8C8NSLIX'}]",https://p.scdn.co/mp3-preview/278e0a9b8ca2f2e487db83623e97c99779a73c72?cid=57daa17ab8e544dcab420c4b154c56d9,disco
0LqPXq2pKXnydc96PvTK3v,"Everybody Dance - 12"" Mix","[{'external_urls': {'spotify': 'https://open.spotify.com/artist/0Xf8oDAJYd2D0k3NLI19OV'}, 'href': 'https://api.spotify.com/v1/artists/0Xf8oDAJYd2D0k3NLI19OV', 'id': '0Xf8oDAJYd2D0k3NLI19OV', 'name': 'CHIC', 'type': 'artist', 'uri': 'spotify:artist:0Xf8oDAJYd2D0k3NLI19OV'}]",https://p.scdn.co/mp3-preview/61fe892f5c9757fa00871d4d6b409ff94730da39?cid=57daa17ab8e544dcab420c4b154c56d9,disco
16Cs9KsHzgunxaEfGrXysG,Play Hard (feat. Ne-Yo & Akon) - New Edit,"[{'external_urls': {'spotify': 'https://open.spotify.com/artist/1Cs0zKBU1kc0i8ypK3B9ai'}, 'href': 'https://api.spotify.com/v1/artists/1Cs0zKBU1kc0i8ypK3B9ai', 'id': '1Cs0zKBU1kc0i8ypK3B9ai', 'name': 'David Guetta', 'type': 'artist', 'uri': 'spotify:artist:1Cs0zKBU1kc0i8ypK3B9ai'}, {'external_urls': {'spotify': 'https://open.spotify.com/artist/0z4gvV4rjIZ9wHck67ucSV'}, 'href': 'https://api.spotify.com/v1/artists/0z4gvV4rjIZ9wHck67ucSV', 'id': '0z4gvV4rjIZ9wHck67ucSV', 'name': 'Akon', 'type': 'artist', 'uri': 'spotify:artist:0z4gvV4rjIZ9wHck67ucSV'}, {'external_urls': {'spotify': 'https://open.spotify.com/artist/21E3waRsmPlU7jZsS13rcj'}, 'href': 'https://api.spotify.com/v1/artists/21E3waRsmPlU7jZsS13rcj', 'id': '21E3waRsmPlU7jZsS13rcj', 'name': 'Ne-Yo', 'type': 'artist', 'uri': 'spotify:artist:21E3waRsmPlU7jZsS13rcj'}]",https://p.scdn.co/mp3-preview/06a0e54f1729141c9427bd55ced14be7bb862828?cid=57daa17ab8e544dcab420c4b154c56d9,disco
792VMoWC2A4GIRHooEawqR,Copacabanana,"[{'external_urls': {'spotify': 'https://open.spotify.com/artist/4EyhwDFo0iKdv2nMUM4m1Q'}, 'href': 'https://api.spotify.com/v1/artists/4EyhwDFo0iKdv2nMUM4m1Q', 'id': '4EyhwDFo0iKdv2nMUM4m1Q', 'name': 'Sean Banan', 'type': 'artist', 'uri': 'spotify:artist:4EyhwDFo0iKdv2nMUM4m1Q'}]",https://p.scdn.co/mp3-preview/a89abbd815f70ae7f0aff0778d39c3ecfaf660d8?cid=57daa17ab8e544dcab420c4b154c56d9,disco
3GGcwG519BTMdvMeFy7meT,Lady Marmalade,"[{'external_urls': {'spotify': 'https://open.spotify.com/artist/0ty0xha1dbprYIUAQufkFn'}, 'href': 'https://api.spotify.com/v1/artists/0ty0xha1dbprYIUAQufkFn', 'id': '0ty0xha1dbprYIUAQufkFn', 'name': 'Patti LaBelle', 'type': 'artist', 'uri': 'spotify:artist:0ty0xha1dbprYIUAQufkFn'}]",https://p.scdn.co/mp3-preview/da137cbab59ef54b81ed342cb9c590a7d3f33389?cid=57daa17ab8e544dcab420c4b154c56d9,disco
2M55R2A9IAhLdsCGFj8r8k,I'm Every Woman,"[{'external_urls': {'spotify': 'https://open.spotify.com/artist/6mQfAAqZGBzIfrmlZCeaYT'}, 'href': 'https://api.spotify.com/v1/artists/6mQfAAqZGBzIfrmlZCeaYT', 'id': '6mQfAAqZGBzIfrmlZCeaYT', 'name': 'Chaka Khan', 'type': 'artist', 'uri': 'spotify:artist:6mQfAAqZGBzIfrmlZCeaYT'}]",https://p.scdn.co/mp3-preview/4e7ba67fbaac1b593bf5a70fffd57f0bd1673fa7?cid=57daa17ab8e544dcab420c4b154c56d9,disco
2xMS1khdU5FHX1KEiNTVdi,Tsunami,"[{'external_urls': {'spotify': 'https://open.spotify.com/artist/5X4LWwbUFNzPkEas04uU82'}, 'href': 'https://api.spotify.com/v1/artists/5X4LWwbUFNzPkEas04uU82', 'id': '5X4LWwbUFNzPkEas04uU82', 'name': 'DVBBS', 'type': 'artist', 'uri': 'spotify:artist:5X4LWwbUFNzPkEas04uU82'}, {'external_urls': {'spotify': 'https://open.spotify.com/artist/4uiMn2g0pgTrhN096QJhbp'}, 'href': 'https://api.spotify.com/v1/artists/4uiMn2g0pgTrhN096QJhbp', 'id': '4uiMn2g0pgTrhN096QJhbp', 'name': 'Borgeous', 'type': 'artist', 'uri': 'spotify:artist:4uiMn2g0pgTrhN096QJhbp'}]",https://p.scdn.co/mp3-preview/cff7ff77053d22773f21c0b8a3a089f57fcc0cf8?cid=57daa17ab8e544dcab420c4b154c56d9,disco
7B1Dl3tXqySkB8OPEwVvSu,We'll Be Coming Back (feat. Example),"[{'external_urls': {'spotify': 'https://open.spotify.com/artist/7CajNmpbOovFoOoasH2HaY'}, 'href': 'https://api.spotify.com/v1/artists/7CajNmpbOovFoOoasH2HaY', 'id': '7CajNmpbOovFoOoasH2HaY', 'name': 'Calvin Harris', 'type': 'artist', 'uri': 'spotify:artist:7CajNmpbOovFoOoasH2HaY'}, {'external_urls': {'spotify': 'https://open.spotify.com/artist/6Vh6UDWfu9PUSXSzAaB3CW'}, 'href': 'https://api.spotify.com/v1/artists/6Vh6UDWfu9PUSXSzAaB3CW', 'id': '6Vh6UDWfu9PUSXSzAaB3CW', 'name': 'Example', 'type': 'artist', 'uri': 'spotify:artist:6Vh6UDWfu9PUSXSzAaB3CW'}]",https://p.scdn.co/mp3-preview/39967ad20ca1d5afff938d7b8e33ff8098da070b?cid=57daa17ab8e544dcab420c4b154c56d9,disco
3s4U7OHV7gnj42VV72eSZ6,Rather Be (feat. Jess Glynne),"[{'external_urls': {'spotify': 'https://open.spotify.com/artist/6MDME20pz9RveH9rEXvrOM'}, 'href': 'https://api.spotify.com/v1/artists/6MDME20pz9RveH9rEXvrOM', 'id': '6MDME20pz9RveH9rEXvrOM', 'name': 'Clean Bandit', 'type': 'artist', 'uri': 'spotify:artist:6MDME20pz9RveH9rEXvrOM'}, {'external_urls': {'spotify': 'https://open.spotify.com/artist/4ScCswdRlyA23odg9thgIO'}, 'href': 'https://api.spotify.com/v1/artists/4ScCswdRlyA23odg9thgIO', 'id': '4ScCswdRlyA23odg9thgIO', 'name': 'Jess Glynne', 'type': 'artist', 'uri': 'spotify:artist:4ScCswdRlyA23odg9thgIO'}]",https://p.scdn.co/mp3-preview/a9d9d2d68603e22dd2f04693c8e29e4f5823e09f?cid=57daa17ab8e544dcab420c4b154c56d9,disco
619bJQ9uDi8dnXzLebFI7y,When Love Takes Over (feat. Kelly Rowland),"[{'external_urls': {'spotify': 'https://open.spotify.com/artist/1Cs0zKBU1kc0i8ypK3B9ai'}, 'href': 'https://api.spotify.com/v1/artists/1Cs0zKBU1kc0i8ypK3B9ai', 'id': '1Cs0zKBU1kc0i8ypK3B9ai', 'name': 'David Guetta', 'type': 'artist', 'uri': 'spotify:artist:1Cs0zKBU1kc0i8ypK3B9ai'}]",https://p.scdn.co/mp3-preview/f9877d70c57311941dca4782fbaa41efce514c67?cid=57daa17ab8e544dcab420c4b154c56d9,disco
5RZy0lULDQlejayzVDaBHX,Skyline,"[{'external_urls': {'spotify': 'https://open.spotify.com/artist/7qWB1MNQHOkDdSVGjBtvMX'}, 'href': 'https://api.spotify.com/v1/artists/7qWB1MNQHOkDdSVGjBtvMX', 'id': '7qWB1MNQHOkDdSVGjBtvMX', 'name': 'David Lindgren', 'type': 'artist', 'uri': 'spotify:artist:7qWB1MNQHOkDdSVGjBtvMX'}]",https://p.scdn.co/mp3-preview/3ce8820ec020ffbedb81fc338f4c1c12cea92113?cid=57daa17ab8e544dcab420c4b154c56d9,disco
2pYcCxTKRBJldhObRPyNQd,Där palmerna bor,"[{'external_urls': {'spotify': 'https://open.spotify.com/artist/3HbP7OfT7PCV0BrR0ReUkC'}, 'href': 'https://api.spotify.com/v1/artists/3HbP7OfT7PCV0BrR0ReUkC', 'id': '3HbP7OfT7PCV0BrR0ReUkC', 'name': 'Medina', 'type': 'artist', 'uri': 'spotify:artist:3HbP7OfT7PCV0BrR0ReUkC'}]",https://p.scdn.co/mp3-preview/cab09cebe3d33abf86718a226b31b974fecd37ff?cid=57daa17ab8e544dcab420c4b154c56d9,disco
0fYbhMj96zG9fpUK10e8kB,Don't Leave Me This Way,"[{'external_urls': {'spotify': 'https://open.spotify.com/artist/438JBZR1AR0l04AzcYW9gy'}, 'href': 'https://api.spotify.com/v1/artists/438JBZR1AR0l04AzcYW9gy', 'id': '438JBZR1AR0l04AzcYW9gy', 'name': 'Harold Melvin & The Blue Notes', 'type': 'artist', 'uri': 'spotify:artist:438JBZR1AR0l04AzcYW9gy'}]",https://p.scdn.co/mp3-preview/f53364e19d81973ad8cda01985cabf203ce1abf5?cid=57daa17ab8e544dcab420c4b154c56d9,disco
3N9huFk2IceMSlKoZLaUsv,Boten Anna - Radio edit,"[{'external_urls': {'spotify': 'https://open.spotify.com/artist/37DdwREpvvQHmGLFEZ4h0Q'}, 'href': 'https://api.spotify.com/v1/artists/37DdwREpvvQHmGLFEZ4h0Q', 'id': '37DdwREpvvQHmGLFEZ4h0Q', 'name': 'Basshunter', 'type': 'artist', 'uri': 'spotify:artist:37DdwREpvvQHmGLFEZ4h0Q'}]",https://p.scdn.co/mp3-preview/c061a8ef1faba566a0461bda241d445761cf08b1?cid=57daa17ab8e544dcab420c4b154c56d9,disco
2goLsvvODILDzeeiT4dAoR,Believe,"[{'external_urls': {'spotify': 'https://open.spotify.com/artist/72OaDtakiy6yFqkt4TsiFt'}, 'href': 'https://api.spotify.com/v1/artists/72OaDtakiy6yFqkt4TsiFt', 'id': '72OaDtakiy6yFqkt4TsiFt', 'name': 'Cher', 'type': 'artist', 'uri': 'spotify:artist:72OaDtakiy6yFqkt4TsiFt'}]",https://p.scdn.co/mp3-preview/579967c91dc409b693b9819c12bbba83e4d0f9a4?cid=57daa17ab8e544dcab420c4b154c56d9,disco
1kAZhbcsXqfUjnVeqPywn2,Danza Kuduro (feat. Don Omar),"[{'external_urls': {'spotify': 'https://open.spotify.com/artist/5bv5RplEOwdCvhq0EILh9E'}, 'href': 'https://api.spotify.com/v1/artists/5bv5RplEOwdCvhq0EILh9E', 'id': '5bv5RplEOwdCvhq0EILh9E', 'name': 'Lucenzo', 'type': 'artist', 'uri': 'spotify:artist:5bv5RplEOwdCvhq0EILh9E'}, {'external_urls': {'spotify': 'https://open.spotify.com/artist/33ScadVnbm2X8kkUqOkC6Z'}, 'href': 'https://api.spotify.com/v1/artists/33ScadVnbm2X8kkUqOkC6Z', 'id': '33ScadVnbm2X8kkUqOkC6Z', 'name': 'Don Omar', 'type': 'artist', 'uri': 'spotify:artist:33ScadVnbm2X8kkUqOkC6Z'}]",https://p.scdn.co/mp3-preview/de9358c4194d430af6e7f16581a8c00995f3c51e?cid=57daa17ab8e544dcab420c4b154c56d9,disco
3zrYNl1aMdFrQkcOjKVr5u,I Cry,"[{'external_urls': {'spotify': 'https://open.spotify.com/artist/0jnsk9HBra6NMjO2oANoPY'}, 'href': 'https://api.spotify.com/v1/artists/0jnsk9HBra6NMjO2oANoPY', 'id': '0jnsk9HBra6NMjO2oANoPY', 'name': 'Flo Rida', 'type': 'artist', 'uri': 'spotify:artist:0jnsk9HBra6NMjO2oANoPY'}]",https://p.scdn.co/mp3-preview/83ecc26ad34e94df4a61ed9e44cdd3bacda81d6a?cid=57daa17ab8e544dcab420c4b154c56d9,disco
717TY4sfgKQm4kFbYQIzgo,Toxic,"[{'external_urls': {'spotify': 'https://open.spotify.com/artist/26dSoYclwsYLMAKD3tpOr4'}, 'href': 'https://api.spotify.com/v1/artists/26dSoYclwsYLMAKD3tpOr4', 'id': '26dSoYclwsYLMAKD3tpOr4', 'name': 'Britney Spears', 'type': 'artist', 'uri': 'spotify:artist:26dSoYclwsYLMAKD3tpOr4'}]",https://p.scdn.co/mp3-preview/54b4db0823ebada52e42ab50fa34c547a6c63b61?cid=57daa17ab8e544dcab420c4b154c56d9,disco
7zpm7lTY2EZn7AfFm3mGg2,Lost in Music,"[{'external_urls': {'spotify': 'https://open.spotify.com/artist/6gkWznnJkdkwRPVcmnrays'}, 'href': 'https://api.spotify.com/v1/artists/6gkWznnJkdkwRPVcmnrays', 'id': '6gkWznnJkdkwRPVcmnrays', 'name': 'Sister Sledge', 'type': 'artist', 'uri': 'spotify:artist:6gkWznnJkdkwRPVcmnrays'}]",https://p.scdn.co/mp3-preview/2b420bf751bbc59feb79335fce09de74bbb36d44?cid=57daa17ab8e544dcab420c4b154c56d9,disco
6vUqCD6WPsccXUEd9O9gJG,This Is It,"[{'external_urls': {'spotify': 'https://open.spotify.com/artist/0uMy5ZKVPBHauBYTTfCojq'}, 'href': 'https://api.spotify.com/v1/artists/0uMy5ZKVPBHauBYTTfCojq', 'id': '0uMy5ZKVPBHauBYTTfCojq', 'name': 'Melba Moore', 'type': 'artist', 'uri': 'spotify:artist:0uMy5ZKVPBHauBYTTfCojq'}]",https://p.scdn.co/mp3-preview/7c3d89b265334d6213a551fde95e2dff866e58f1?cid=57daa17ab8e544dcab420c4b154c56d9,disco
2a1MrtxYybqFV1Ow8VJ1dW,I Will Survive - Rerecorded,"[{'external_urls': {'spotify': 'https://open.spotify.com/artist/6V6WCgi7waF55bJmylC4H5'}, 'href': 'https://api.spotify.com/v1/artists/6V6WCgi7waF55bJmylC4H5', 'id': '6V6WCgi7waF55bJmylC4H5', 'name': 'Gloria Gaynor', 'type': 'artist', 'uri': 'spotify:artist:6V6WCgi7waF55bJmylC4H5'}]",https://p.scdn.co/mp3-preview/0f5744013a9c7464474a7c634a7880306ad1297d?cid=57daa17ab8e544dcab420c4b154c56d9,disco
7s25THrKz86DM225dOYwnr,Respect,"[{'external_urls': {'spotify': 'https://open.spotify.com/artist/7nwUJBm0HE4ZxD3f5cy5ok'}, 'href': 'https://api.spotify.com/v1/artists/7nwUJBm0HE4ZxD3f5cy5ok', 'id': '7nwUJBm0HE4ZxD3f5cy5ok', 'name': 'Aretha Franklin', 'type': 'artist', 'uri': 'spotify:artist:7nwUJBm0HE4ZxD3f5cy5ok'}]",https://p.scdn.co/mp3-preview/b0d0b4ec8963779239654542a0b33d25caf38156?cid=57daa17ab8e544dcab420c4b154c56d9,disco
7gssYOCe03w6yC1JMjXiCN,Instant Replay,"[{'external_urls': {'spotify': 'https://open.spotify.com/artist/1HvcqyRLS9nF8hAbTWOqpr'}, 'href': 'https://api.spotify.com/v1/artists/1HvcqyRLS9nF8hAbTWOqpr', 'id': '1HvcqyRLS9nF8hAbTWOqpr', 'name': 'Dan Hartman', 'type': 'artist', 'uri': 'spotify:artist:1HvcqyRLS9nF8hAbTWOqpr'}]",https://p.scdn.co/mp3-preview/9f146a1f91e2ee4746953b52216b52bbf130b8c8?cid=57daa17ab8e544dcab420c4b154c56d9,disco
0XvjOhwCnXXFOSlBbV9jPN,Barbra Streisand - Radio Edit,"[{'external_urls': {'spotify': 'https://open.spotify.com/artist/0q8J3Yj810t5cpAYEJ7gxt'}, 'href': 'https://api.spotify.com/v1/artists/0q8J3Yj810t5cpAYEJ7gxt', 'id': '0q8J3Yj810t5cpAYEJ7gxt', 'name': 'Duck Sauce', 'type': 'artist', 'uri': 'spotify:artist:0q8J3Yj810t5cpAYEJ7gxt'}]",https://p.scdn.co/mp3-preview/c6ea7197c02430f1c51aa9478be44a5a40ca0192?cid=57daa17ab8e544dcab420c4b154c56d9,disco
0qi4b1l0eT3jpzeNHeFXDT,Just Can't Get Enough,"[{'external_urls': {'spotify': 'https://open.spotify.com/artist/762310PdDnwsDxAQxzQkfX'}, 'href': 'https://api.spotify.com/v1/artists/762310PdDnwsDxAQxzQkfX', 'id': '762310PdDnwsDxAQxzQkfX', 'name': 'Depeche Mode', 'type': 'artist', 'uri': 'spotify:artist:762310PdDnwsDxAQxzQkfX'}]",https://p.scdn.co/mp3-preview/899caa29746e4ea35731fcf93a307821b1583c2b?cid=57daa17ab8e544dcab420c4b154c56d9,disco
6t6oULCRS6hnI7rm0h5gwl,Some Nights,"[{'external_urls': {'spotify': 'https://open.spotify.com/artist/5nCi3BB41mBaMH9gfr6Su0'}, 'href': 'https://api.spotify.com/v1/artists/5nCi3BB41mBaMH9gfr6Su0', 'id': '5nCi3BB41mBaMH9gfr6Su0', 'name': 'fun.', 'type': 'artist', 'uri': 'spotify:artist:5nCi3BB41mBaMH9gfr6Su0'}]",https://p.scdn.co/mp3-preview/ffc0e31e3685cae5ed9b05c2a506da3f3e9ee2ab?cid=57daa17ab8e544dcab420c4b154c56d9,disco
2H7PHVdQ3mXqEHXcvclTB0,1999,"[{'external_urls': {'spotify': 'https://open.spotify.com/artist/5a2EaR3hamoenG9rDuVn8j'}, 'href': 'https://api.spotify.com/v1/artists/5a2EaR3hamoenG9rDuVn8j', 'id': '5a2EaR3hamoenG9rDuVn8j', 'name': 'Prince', 'type': 'artist', 'uri': 'spotify:artist:5a2EaR3hamoenG9rDuVn8j'}]",https://p.scdn.co/mp3-preview/a9e29b17391150efb9a933faf491db7ea17f8274?cid=57daa17ab8e544dcab420c4b154c56d9,disco
0CAfXk7DXMnon4gLudAp7J,Low (feat. T-Pain),"[{'external_urls': {'spotify': 'https://open.spotify.com/artist/0jnsk9HBra6NMjO2oANoPY'}, 'href': 'https://api.spotify.com/v1/artists/0jnsk9HBra6NMjO2oANoPY', 'id': '0jnsk9HBra6NMjO2oANoPY', 'name': 'Flo Rida', 'type': 'artist', 'uri': 'spotify:artist:0jnsk9HBra6NMjO2oANoPY'}, {'external_urls': {'spotify': 'https://open.spotify.com/artist/3aQeKQSyrW4qWr35idm0cy'}, 'href': 'https://api.spotify.com/v1/artists/3aQeKQSyrW4qWr35idm0cy', 'id': '3aQeKQSyrW4qWr35idm0cy', 'name': 'T-Pain', 'type': 'artist', 'uri': 'spotify:artist:3aQeKQSyrW4qWr35idm0cy'}]",https://p.scdn.co/mp3-preview/dcddd0ebee02d9142b39d092c823f88201547b7a?cid=57daa17ab8e544dcab420c4b154c56d9,disco
1CLNWD0IK5YXc9KpTKaRF2,Dance Little Lady Dance,"[{'external_urls': {'spotify': 'https://open.spotify.com/artist/7Jbs4wPCLaKXPxrTxZ2zaa'}, 'href': 'https://api.spotify.com/v1/artists/7Jbs4wPCLaKXPxrTxZ2zaa', 'id': '7Jbs4wPCLaKXPxrTxZ2zaa', 'name': 'Tina Charles', 'type': 'artist', 'uri': 'spotify:artist:7Jbs4wPCLaKXPxrTxZ2zaa'}]",https://p.scdn.co/mp3-preview/e92c9e07cccf4b21e5137c204515bdb022bb794d?cid=57daa17ab8e544dcab420c4b154c56d9,disco
2wqaekenSQZm7hxQOYt8oE,Am I Wrong,"[{'external_urls': {'spotify': 'https://open.spotify.com/artist/0awl5piYwO0CDTHEkCjUhn'}, 'href': 'https://api.spotify.com/v1/artists/0awl5piYwO0CDTHEkCjUhn', 'id': '0awl5piYwO0CDTHEkCjUhn', 'name': 'Nico & Vinz', 'type': 'artist', 'uri': 'spotify:artist:0awl5piYwO0CDTHEkCjUhn'}]",https://p.scdn.co/mp3-preview/9ecf91e6cfd4a85b9f9600772bf6d224e051e052?cid=57daa17ab8e544dcab420c4b154c56d9,disco
2Foc5Q5nqNiosCNqttzHof,Get Lucky (feat. Pharrell Williams & Nile Rodgers) - Radio Edit,"[{'external_urls': {'spotify': 'https://open.spotify.com/artist/4tZwfgrHOc3mvqYlEYSvVi'}, 'href': 'https://api.spotify.com/v1/artists/4tZwfgrHOc3mvqYlEYSvVi', 'id': '4tZwfgrHOc3mvqYlEYSvVi', 'name': 'Daft Punk', 'type': 'artist', 'uri': 'spotify:artist:4tZwfgrHOc3mvqYlEYSvVi'}, {'external_urls': {'spotify': 'https://open.spotify.com/artist/2RdwBSPQiwcmiDo9kixcl8'}, 'href': 'https://api.spotify.com/v1/artists/2RdwBSPQiwcmiDo9kixcl8', 'id': '2RdwBSPQiwcmiDo9kixcl8', 'name': 'Pharrell Williams', 'type': 'artist', 'uri': 'spotify:artist:2RdwBSPQiwcmiDo9kixcl8'}, {'external_urls': {'spotify': 'https://open.spotify.com/artist/3yDIp0kaq9EFKe07X1X2rz'}, 'href': 'https://api.spotify.com/v1/artists/3yDIp0kaq9EFKe07X1X2rz', 'id': '3yDIp0kaq9EFKe07X1X2rz', 'name': 'Nile Rodgers', 'type': 'artist', 'uri': 'spotify:artist:3yDIp0kaq9EFKe07X1X2rz'}]",https://p.scdn.co/mp3-preview/92d40a2ae211cceb264e9ee1e67fe05f4d788200?cid=57daa17ab8e544dcab420c4b154c56d9,disco
6SKwQghsR8AISlxhcwyA9R,Marry You,"[{'external_urls': {'spotify': 'https://open.spotify.com/artist/0du5cEVh5yTK9QJze8zA0C'}, 'href': 'https://api.spotify.com/v1/artists/0du5cEVh5yTK9QJze8zA0C', 'id': '0du5cEVh5yTK9QJze8zA0C', 'name': 'Bruno Mars', 'type': 'artist', 'uri': 'spotify:artist:0du5cEVh5yTK9QJze8zA0C'}]",https://p.scdn.co/mp3-preview/b50deda939ea24755b044a89c7997bb43f252f5a?cid=57daa17ab8e544dcab420c4b154c56d9,disco
