,Track_ID,Track_Name,Track_Artist,Preview_URL
0,7IJdhXX43QDoTNQeBRxZHu,Ladies Night,"[{'external_urls': {'spotify': 'https://open.spotify.com/artist/3VNITwohbvU5Wuy5PC6dsI'}, 'href': 'https://api.spotify.com/v1/artists/3VNITwohbvU5Wuy5PC6dsI', 'id': '3VNITwohbvU5Wuy5PC6dsI', 'name': 'Kool & The Gang', 'type': 'artist', 'uri': 'spotify:artist:3VNITwohbvU5Wuy5PC6dsI'}]",https://p.scdn.co/mp3-preview/b6b8924a097ffcad9190b2a712ba25bb28788977?cid=57daa17ab8e544dcab420c4b154c56d9
3,3WMbD1OyfKuwWDWMNbPQ4g,Daddy Cool,"[{'external_urls': {'spotify': 'https://open.spotify.com/artist/54R6Y0I7jGUCveDTtI21nb'}, 'href': 'https://api.spotify.com/v1/artists/54R6Y0I7jGUCveDTtI21nb', 'id': '54R6Y0I7jGUCveDTtI21nb', 'name': 'Boney M.', 'type': 'artist', 'uri': 'spotify:artist:54R6Y0I7jGUCveDTtI21nb'}]",https://p.scdn.co/mp3-preview/191db1a9fda3057414633281ec1107140747c2d0?cid=57daa17ab8e544dcab420c4b154c56d9
4,38iU2jg98IZZEIJPrP7aWD,Till the World Ends,"[{'external_urls': {'spotify': 'https://open.spotify.com/artist/26dSoYclwsYLMAKD3tpOr4'}, 'href': 'https://api.spotify.com/v1/artists/26dSoYclwsYLMAKD3tpOr4', 'id': '26dSoYclwsYLMAKD3tpOr4', 'name': 'Britney Spears', 'type': 'artist', 'uri': 'spotify:artist:26dSoYclwsYLMAKD3tpOr4'}]",https://p.scdn.co/mp3-preview/fd017ae5c0a60cff3d5f5b4d37c4e8617c93b11f?cid=57daa17ab8e544dcab420c4b154c56d9
6,6UjlpJhUqOQqv0hrb38IDI,Best of My Love,"[{'external_urls': {'spotify': 'https://open.spotify.com/artist/64CuUOOirKmdAYLQSfaOyr'}, 'href': 'https://api.spotify.com/v1/artists/64CuUOOirKmdAYLQSfaOyr', 'id': '64CuUOOirKmdAYLQSfaOyr', 'name': 'The Emotions', 'type': 'artist', 'uri': 'spotify:artist:64CuUOOirKmdAYLQSfaOyr'}]",https://p.scdn.co/mp3-preview/e20c1aaa3a9cd0654d3315b31cf9d7079f244d63?cid=57daa17ab8e544dcab420c4b154c56d9
10,0fYbhMj96zG9fpUK10e8kB,Don't Leave Me This Way,"[{'external_urls': {'spotify': 'https://open.spotify.com/artist/438JBZR1AR0l04AzcYW9gy'}, 'href': 'https://api.spotify.com/v1/artists/438JBZR1AR0l04AzcYW9gy', 'id': '438JBZR1AR0l04AzcYW9gy', 'name': 'Harold Melvin & The Blue Notes', 'type': 'artist', 'uri': 'spotify:artist:438JBZR1AR0l04AzcYW9gy'}]",https://p.scdn.co/mp3-preview/f53364e19d81973ad8cda01985cabf203ce1abf5?cid=57daa17ab8e544dcab420c4b154c56d9
11,3s4U7OHV7gnj42VV72eSZ6,Rather Be (feat. Jess Glynne),"[{'external_urls': {'spotify': 'https://open.spotify.com/artist/6MDME20pz9RveH9rEXvrOM'}, 'href': 'https://api.spotify.com/v1/artists/6MDME20pz9RveH9rEXvrOM', 'id': '6MDME20pz9RveH9rEXvrOM', 'name': 'Clean Bandit', 'type': 'artist', 'uri': 'spotify:artist:6MDME20pz9RveH9rEXvrOM'}, {'external_urls': {'spotify': 'https://open.spotify.com/artist/4ScCswdRlyA23odg9thgIO'}, 'href': 'https://api.spotify.com/v1/artists/4ScCswdRlyA23odg9thgIO', 'id': '4ScCswdRlyA23odg9thgIO', 'name': 'Jess Glynne', 'type': 'artist', 'uri': 'spotify:artist:4ScCswdRlyA23odg9thgIO'}]",https://p.scdn.co/mp3-preview/a9d9d2d68603e22dd2f04693c8e29e4f5823e09f?cid=57daa17ab8e544dcab420c4b154c56d9
13,7KPr0YxECy4Q1k2F17Sa0Q,Memories (feat. Kid Cudi),"[{'external_urls': {'spotify': 'https://open.spotify.com/artist/1Cs0zKBU1kc0i8ypK3B9ai'}, 'href': 'https://api.spotify.com/v1/artists/1Cs0zKBU1kc0i8ypK3B9ai', 'id': '1Cs0zKBU1kc0i8ypK3B9ai', 'name': 'David Guetta', 'type': 'artist', 'uri': 'spotify:artist:1Cs0zKBU1kc0i8ypK3B9ai'}, {'external_urls': {'spotify': 'https://open.spotify.com/artist/0fA0VVWsXO9YnASrzqfmYu'}, 'href': 'https://api.spotify.com/v1/artists/0fA0VVWsXO9YnASrzqfmYu', 'id': '0fA0VVWsXO9YnASrzqfmYu', 'name': 'Kid Cudi', 'type': 'artist', 'uri': 'spotify:artist:0fA0VVWsXO9YnASrzqfmYu'}]",https://p.scdn.co/mp3-preview/9364e08b3d1452c0afd107b6f21e9f9140450812?cid=57daa17ab8e544dcab420c4b154c56d9
16,3VZQshi4COChhXaz7cLP02,I Love It (feat. Charli XCX) - Original Version,"[{'external_urls': {'spotify': 'https://open.spotify.com/artist/1VBflYyxBhnDc9uVib98rw'}, 'href': 'https://api.spotify.com/v1/artists/1VBflYyxBhnDc9uVib98rw', 'id': '1VBflYyxBhnDc9uVib98rw', 'name': 'Icona Pop', 'type': 'artist', 'uri': 'spotify:artist:1VBflYyxBhnDc9uVib98rw'}, {'external_urls': {'spotify': 'https://open.spotify.com/artist/25uiPmTg16RbhZWAqwLBy5'}, 'href': 'https://api.spotify.com/v1/artists/25uiPmTg16RbhZWAqwLBy5', 'id': '25uiPmTg16RbhZWAqwLBy5', 'name': 'Charli XCX', 'type': 'artist', 'uri': 'spotify:artist:25uiPmTg16RbhZWAqwLBy5'}]",https://p.scdn.co/mp3-preview/53d0fca6eb2c0180aeed0d6db7703d3f3d2c1c77?cid=57daa17ab8e544dcab420c4b154c56d9
18,4d2hD63oUGU3s7L66JD0BE,Dance Again,"[{'external_urls': {'spotify': 'https://open.spotify.com/artist/2DlGxzQSjYe5N6G9nkYghR'}, 'href': 'https://api.spotify.com/v1/artists/2DlGxzQSjYe5N6G9nkYghR', 'id': '2DlGxzQSjYe5N6G9nkYghR', 'name': 'Jennifer Lopez', 'type': 'artist', 'uri': 'spotify:artist:2DlGxzQSjYe5N6G9nkYghR'}, {'external_urls': {'spotify': 'https://open.spotify.com/artist/0TnOYISbd1XYRBk9myaseg'}, 'href': 'https://api.spotify.com/v1/artists/0TnOYISbd1XYRBk9myaseg', 'id': '0TnOYISbd1XYRBk9myaseg', 'name': 'Pitbull', 'type': 'artist', 'uri': 'spotify:artist:0TnOYISbd1XYRBk9myaseg'}]",https://p.scdn.co/mp3-preview/2d288b4a7117b800a3bf561a3686f39fbe17a40a?cid=57daa17ab8e544dcab420c4b154c56d9
19,09ISyLOPeuno7kKlzdbZuq,Stamp on the Ground - Radio Edit,"[{'external_urls': {'spotify': 'https://open.spotify.com/artist/5nkYRuiIHg2xXHFC8bfosJ'}, 'href': 'https://api.spotify.com/v1/artists/5nkYRuiIHg2xXHFC8bfosJ', 'id': '5nkYRuiIHg2xXHFC8bfosJ', 'name': 'ItaloBrothers', 'type': 'artist', 'uri': 'spotify:artist:5nkYRuiIHg2xXHFC8bfosJ'}]",https://p.scdn.co/mp3-preview/d8be08688f7e474791a05e95eb75d5530719d8f0?cid=57daa17ab8e544dcab420c4b154c56d9
20,0DDgwlJDTQ6U3LPzUyvLu5,Never Can Say Goodbye - Remastered,"[{'external_urls': {'spotify': 'https://open.spotify.com/artist/6V6WCgi7waF55bJmylC4H5'}, 'href': 'https://api.spotify.com/v1/artists/6V6WCgi7waF55bJmylC4H5', 'id': '6V6WCgi7waF55bJmylC4H5', 'name': 'Gloria Gaynor', 'type': 'artist', 'uri': 'spotify:artist:6V6WCgi7waF55bJmylC4H5'}]",https://p.scdn.co/mp3-preview/9b9305d37539d1b1b34d0858a0f5608dee6b32b0?cid=57daa17ab8e544dcab420c4b154c56d9
23,3IBYB8YMt8DxevRVTB7xPi,Boogie Nights,"[{'external_urls': {'spotify': 'https://open.spotify.com/artist/6D7h7R79IZjqJC2GM2wzyY'}, 'href': 'https://api.spotify.com/v1/artists/6D7h7R79IZjqJC2GM2wzyY', 'id': '6D7h7R79IZjqJC2GM2wzyY', 'name': 'Heatwave', 'type': 'artist', 'uri': 'spotify:artist:6D7h7R79IZjqJC2GM2wzyY'}]",https://p.scdn.co/mp3-preview/393c977aacff250104f8b6a8e5352747b4807fbb?cid=57daa17ab8e544dcab420c4b154c56d9
24,01gDLZsi0j5fWC28FLPNO8,Move on Up - Extended Version,"[{'external_urls': {'spotify': 'https://open.spotify.com/artist/2AV6XDIs32ofIJhkkDevjm'}, 'href': 'https://api.spotify.com/v1/artists/2AV6XDIs32ofIJhkkDevjm', 'id': '2AV6XDIs32ofIJhkkDevjm', 'name': 'Curtis Mayfield', 'type': 'artist', 'uri': 'spotify:artist:2AV6XDIs32ofIJhkkDevjm'}]",https://p.scdn.co/mp3-preview/070c80b7f6d20ada50ea676d9400a7b0de85a34e?cid=57daa17ab8e544dcab420c4b154c56d9
25,39yXycOGCBqgbQNfMPd5fy,Tell It to My Heart,"[{'external_urls': {'spotify': 'https://open.spotify.com/artist/32lVGr0fSRGT6okLKHiP68'}, 'href': 'https://api.spotify.com/v1/artists/32lVGr0fSRGT6okLKHiP68', 'id': '32lVGr0fSRGT6okLKHiP68', 'name': 'Taylor Dayne', 'type': 'artist', 'uri': 'spotify:artist:32lVGr0fSRGT6okLKHiP68'}]",https://p.scdn.co/mp3-preview/727d9f4b499832adf6759a2118144a61fab79c6f?cid=57daa17ab8e544dcab420c4b154c56d9
29,7zpm7lTY2EZn7AfFm3mGg2,Lost in Music,"[{'external_urls': {'spotify': 'https://open.spotify.com/artist/6gkWznnJkdkwRPVcmnrays'}, 'href': 'https://api.spotify.com/v1/artists/6gkWznnJkdkwRPVcmnrays', 'id': '6gkWznnJkdkwRPVcmnrays', 'name': 'Sister Sledge', 'type': 'artist', 'uri': 'spotify:artist:6gkWznnJkdkwRPVcmnrays'}]",https://p.scdn.co/mp3-preview/2b420bf751bbc59feb79335fce09de74bbb36d44?cid=57daa17ab8e544dcab420c4b154c56d9
33,3bidbhpOYeV4knp8AIu8Xn,Can't Hold Us - feat. Ray Dalton,"[{'external_urls': {'spotify': 'https://open.spotify.com/artist/5BcAKTbp20cv7tC5VqPFoC'}, 'href': 'https://api.spotify.com/v1/artists/5BcAKTbp20cv7tC5VqPFoC', 'id': '5BcAKTbp20cv7tC5VqPFoC', 'name': 'Macklemore & Ryan Lewis', 'type': 'artist', 'uri': 'spotify:artist:5BcAKTbp20cv7tC5VqPFoC'}]",https://p.scdn.co/mp3-preview/1f826380a449ec9a8bae45967d908fffd7ff5222?cid=57daa17ab8e544dcab420c4b154c56d9
34,20pPweU5sbfOOB1Qk5KCTx,Dance Across the Floor - Edit,"[{'external_urls': {'spotify': 'https://open.spotify.com/artist/6jcPHv7qVfqysvBT7Jmn7K'}, 'href': 'https://api.spotify.com/v1/artists/6jcPHv7qVfqysvBT7Jmn7K', 'id': '6jcPHv7qVfqysvBT7Jmn7K', 'name': 'Jimmy ""Bo"" Horne', 'type': 'artist', 'uri': 'spotify:artist:6jcPHv7qVfqysvBT7Jmn7K'}]",https://p.scdn.co/mp3-preview/88fd848d2bba0d41025216a89329301ac1682270?cid=57daa17ab8e544dcab420c4b154c56d9
35,6VRhkROS2SZHGlp0pxndbJ,Bangarang (feat. Sirah),"[{'external_urls': {'spotify': 'https://open.spotify.com/artist/5he5w2lnU9x7JFhnwcekXX'}, 'href': 'https://api.spotify.com/v1/artists/5he5w2lnU9x7JFhnwcekXX', 'id': '5he5w2lnU9x7JFhnwcekXX', 'name': 'Skrillex', 'type': 'artist', 'uri': 'spotify:artist:5he5w2lnU9x7JFhnwcekXX'}, {'external_urls': {'spotify': 'https://open.spotify.com/artist/3oAazIwC0nAYkOKVQPUC38'}, 'href': 'https://api.spotify.com/v1/artists/3oAazIwC0nAYkOKVQPUC38', 'id': '3oAazIwC0nAYkOKVQPUC38', 'name': 'Sirah', 'type': 'artist', 'uri': 'spotify:artist:3oAazIwC0nAYkOKVQPUC38'}]",https://p.scdn.co/mp3-preview/569d7afebba42141ae4ce4e7bb2012b0b7c0bb51?cid=57daa17ab8e544dcab420c4b154c56d9
37,1Ppwc43WYFEBXw2n1ePhDY,Footloose,"[{'external_urls': {'spotify': 'https://open.spotify.com/artist/3Y3xIwWyq5wnNHPp5gPjOW'}, 'href': 'https://api.spotify.com/v1/artists/3Y3xIwWyq5wnNHPp5gPjOW', 'id': '3Y3xIwWyq5wnNHPp5gPjOW', 'name': 'Kenny Loggins', 'type': 'artist', 'uri': 'spotify:artist:3Y3xIwWyq5wnNHPp5gPjOW'}]",https://p.scdn.co/mp3-preview/326b379d2c682fc7caa18929acb11a1351206475?cid=57daa17ab8e544dcab420c4b154c56d9
39,1eJNe0mul5KtNv8Wnj18pR,I Love to Love,"[{'external_urls': {'spotify': 'https://open.spotify.com/artist/7Jbs4wPCLaKXPxrTxZ2zaa'}, 'href': 'https://api.spotify.com/v1/artists/7Jbs4wPCLaKXPxrTxZ2zaa', 'id': '7Jbs4wPCLaKXPxrTxZ2zaa', 'name': 'Tina Charles', 'type': 'artist', 'uri': 'spotify:artist:7Jbs4wPCLaKXPxrTxZ2zaa'}]",https://p.scdn.co/mp3-preview/fd124a31160c030e9364063d022cb77a3a6d8c0b?cid=57daa17ab8e544dcab420c4b154c56d9
40,5MuNxNox3zTanAFIO5KcTl,He's the Greatest Dancer,"[{'external_urls': {'spotify': 'https://open.spotify.com/artist/6gkWznnJkdkwRPVcmnrays'}, 'href': 'https://api.spotify.com/v1/artists/6gkWznnJkdkwRPVcmnrays', 'id': '6gkWznnJkdkwRPVcmnrays', 'name': 'Sister Sledge', 'type': 'artist', 'uri': 'spotify:artist:6gkWznnJkdkwRPVcmnrays'}]",https://p.scdn.co/mp3-preview/1a0f32d036929246da89075dbe9ff20ca45fb830?cid=57daa17ab8e544dcab420c4b154c56d9
41,0TDLuuLlV54CkRRUOahJb4,Titanium (feat. Sia),"[{'external_urls': {'spotify': 'https://open.spotify.com/artist/1Cs0zKBU1kc0i8ypK3B9ai'}, 'href': 'https://api.spotify.com/v1/artists/1Cs0zKBU1kc0i8ypK3B9ai', 'id': '1Cs0zKBU1kc0i8ypK3B9ai', 'name': 'David Guetta', 'type': 'artist', 'uri': 'spotify:artist:1Cs0zKBU1kc0i8ypK3B9ai'}, {'external_urls': {'spotify': 'https://open.spotify.com/artist/5WUlDfRSoLAfcVSX1WnrxN'}, 'href': 'https://api.spotify.com/v1/artists/5WUlDfRSoLAfcVSX1WnrxN', 'id': '5WUlDfRSoLAfcVSX1WnrxN', 'name': 'Sia', 'type': 'artist', 'uri': 'spotify:artist:5WUlDfRSoLAfcVSX1WnrxN'}]",https://p.scdn.co/mp3-preview/06392eaab5975806f18d8411f5b58f50b1899198?cid=57daa17ab8e544dcab420c4b154c56d9
42,1uxzFavoQSzR6NhzeSbHdM,I Wanna Be Your Lover - Single Version,"[{'external_urls': {'spotify': 'https://open.spotify.com/artist/5a2EaR3hamoenG9rDuVn8j'}, 'href': 'https://api.spotify.com/v1/artists/5a2EaR3hamoenG9rDuVn8j', 'id': '5a2EaR3hamoenG9rDuVn8j', 'name': 'Prince', 'type': 'artist', 'uri': 'spotify:artist:5a2EaR3hamoenG9rDuVn8j'}]",https://p.scdn.co/mp3-preview/b201b2dacc082ba8b93727bb45034b0f39db9e29?cid=57daa17ab8e544dcab420c4b154c56d9
45,2KH16WveTQWT6KOG9Rg6e2,Eye of the Tiger,"[{'external_urls': {'spotify': 'https://open.spotify.com/artist/26bcq2nyj5GB7uRr558iQg'}, 'href': 'https://api.spotify.com/v1/artists/26bcq2nyj5GB7uRr558iQg', 'id': '26bcq2nyj5GB7uRr558iQg', 'name': 'Survivor', 'type': 'artist', 'uri': 'spotify:artist:26bcq2nyj5GB7uRr558iQg'}]",https://p.scdn.co/mp3-preview/9e37f230afd37042e49f3d144c3b94e0b39ef8ba?cid=57daa17ab8e544dcab420c4b154c56d9
47,7sMGwiS4vOMcz86ZY3vKYM,Girls Just Want to Have Fun,"[{'external_urls': {'spotify': 'https://open.spotify.com/artist/2BTZIqw0ntH9MvilQ3ewNY'}, 'href': 'https://api.spotify.com/v1/artists/2BTZIqw0ntH9MvilQ3ewNY', 'id': '2BTZIqw0ntH9MvilQ3ewNY', 'name': 'Cyndi Lauper', 'type': 'artist', 'uri': 'spotify:artist:2BTZIqw0ntH9MvilQ3ewNY'}]",https://p.scdn.co/mp3-preview/b7dc055382341560973132ef4dcb45c150875f37?cid=57daa17ab8e544dcab420c4b154c56d9
48,51VSKyT8XfhAscvagBB4bn,Rivers of Babylon - Single Version,"[{'external_urls': {'spotify': 'https://open.spotify.com/artist/54R6Y0I7jGUCveDTtI21nb'}, 'href': 'https://api.spotify.com/v1/artists/54R6Y0I7jGUCveDTtI21nb', 'id': '54R6Y0I7jGUCveDTtI21nb', 'name': 'Boney M.', 'type': 'artist', 'uri': 'spotify:artist:54R6Y0I7jGUCveDTtI21nb'}]",https://p.scdn.co/mp3-preview/2bc7a173d96e563b51efc55d801a64c504b22931?cid=57daa17ab8e544dcab420c4b154c56d9
49,3zrYNl1aMdFrQkcOjKVr5u,I Cry,"[{'external_urls': {'spotify': 'https://open.spotify.com/artist/0jnsk9HBra6NMjO2oANoPY'}, 'href': 'https://api.spotify.com/v1/artists/0jnsk9HBra6NMjO2oANoPY', 'id': '0jnsk9HBra6NMjO2oANoPY', 'name': 'Flo Rida', 'type': 'artist', 'uri': 'spotify:artist:0jnsk9HBra6NMjO2oANoPY'}]",https://p.scdn.co/mp3-preview/83ecc26ad34e94df4a61ed9e44cdd3bacda81d6a?cid=57daa17ab8e544dcab420c4b154c56d9
51,16Cs9KsHzgunxaEfGrXysG,Play Hard (feat. Ne-Yo & Akon) - New Edit,"[{'external_urls': {'spotify': 'https://open.spotify.com/artist/1Cs0zKBU1kc0i8ypK3B9ai'}, 'href': 'https://api.spotify.com/v1/artists/1Cs0zKBU1kc0i8ypK3B9ai', 'id': '1Cs0zKBU1kc0i8ypK3B9ai', 'name': 'David Guetta', 'type': 'artist', 'uri': 'spotify:artist:1Cs0zKBU1kc0i8ypK3B9ai'}, {'external_urls': {'spotify': 'https://open.spotify.com/artist/0z4gvV4rjIZ9wHck67ucSV'}, 'href': 'https://api.spotify.com/v1/artists/0z4gvV4rjIZ9wHck67ucSV', 'id': '0z4gvV4rjIZ9wHck67ucSV', 'name': 'Akon', 'type': 'artist', 'uri': 'spotify:artist:0z4gvV4rjIZ9wHck67ucSV'}, {'external_urls': {'spotify': 'https://open.spotify.com/artist/21E3waRsmPlU7jZsS13rcj'}, 'href': 'https://api.spotify.com/v1/artists/21E3waRsmPlU7jZsS13rcj', 'id': '21E3waRsmPlU7jZsS13rcj', 'name': 'Ne-Yo', 'type': 'artist', 'uri': 'spotify:artist:21E3waRsmPlU7jZsS13rcj'}]",https://p.scdn.co/mp3-preview/06a0e54f1729141c9427bd55ced14be7bb862828?cid=57daa17ab8e544dcab420c4b154c56d9
53,2ahnofp2LbBWDXcJbMaSTu,"What Is Love - 7"" Mix","[{'external_urls': {'spotify': 'https://open.spotify.com/artist/0Suv0tRrNrUlRzAy8aXjma'}, 'href': 'https://api.spotify.com/v1/artists/0Suv0tRrNrUlRzAy8aXjma', 'id': '0Suv0tRrNrUlRzAy8aXjma', 'name': 'Haddaway', 'type': 'artist', 'uri': 'spotify:artist:0Suv0tRrNrUlRzAy8aXjma'}]",https://p.scdn.co/mp3-preview/659374a67e87fcdc8ea1d975f65d3321084f4ab6?cid=57daa17ab8e544dcab420c4b154c56d9
54,1tJtx09XQnxaynZLOaTNfZ,Car Wash,"[{'external_urls': {'spotify': 'https://open.spotify.com/artist/1OxJzMLmR9l5zPLap9OxuO'}, 'href': 'https://api.spotify.com/v1/artists/1OxJzMLmR9l5zPLap9OxuO', 'id': '1OxJzMLmR9l5zPLap9OxuO', 'name': 'Rose Royce', 'type': 'artist', 'uri': 'spotify:artist:1OxJzMLmR9l5zPLap9OxuO'}]",https://p.scdn.co/mp3-preview/7230a11dd762c2c6e4ef9e287e2d0e0d55fab2c7?cid=57daa17ab8e544dcab420c4b154c56d9
57,2UVLuddklEVak5PXgC7baA,Groove Is in the Heart,"[{'external_urls': {'spotify': 'https://open.spotify.com/artist/4eQJIXFEujzhTVVS1gIfu5'}, 'href': 'https://api.spotify.com/v1/artists/4eQJIXFEujzhTVVS1gIfu5', 'id': '4eQJIXFEujzhTVVS1gIfu5', 'name': 'Deee-Lite', 'type': 'artist', 'uri': 'spotify:artist:4eQJIXFEujzhTVVS1gIfu5'}]",https://p.scdn.co/mp3-preview/9f04c5adba9415770b90b9d08bf055752c1d19fd?cid=57daa17ab8e544dcab420c4b154c56d9
59,5lWSa1rmuSL6OBPOnkAqoa,Rasputin,"[{'external_urls': {'spotify': 'https://open.spotify.com/artist/54R6Y0I7jGUCveDTtI21nb'}, 'href': 'https://api.spotify.com/v1/artists/54R6Y0I7jGUCveDTtI21nb', 'id': '54R6Y0I7jGUCveDTtI21nb', 'name': 'Boney M.', 'type': 'artist', 'uri': 'spotify:artist:54R6Y0I7jGUCveDTtI21nb'}]",https://p.scdn.co/mp3-preview/b45b7088036c20d5790f64afca2a1b416c5cb707?cid=57daa17ab8e544dcab420c4b154c56d9
61,2gNAGt7gUiMkagkhIiDLPm,Dansa Pausa,"[{'external_urls': {'spotify': 'https://open.spotify.com/artist/7DXjp1eSv6Xf759gmCiApa'}, 'href': 'https://api.spotify.com/v1/artists/7DXjp1eSv6Xf759gmCiApa', 'id': '7DXjp1eSv6Xf759gmCiApa', 'name': 'Panetoz', 'type': 'artist', 'uri': 'spotify:artist:7DXjp1eSv6Xf759gmCiApa'}]",https://p.scdn.co/mp3-preview/7872b49150e61748d3766c705b4717db3c0e37c2?cid=57daa17ab8e544dcab420c4b154c56d9
62,70VjMtwhm3Q2HBQeJnPfmh,Hung Up,"[{'external_urls': {'spotify': 'https://open.spotify.com/artist/6tbjWDEIzxoDsBA1FuhfPW'}, 'href': 'https://api.spotify.com/v1/artists/6tbjWDEIzxoDsBA1FuhfPW', 'id': '6tbjWDEIzxoDsBA1FuhfPW', 'name': 'Madonna', 'type': 'artist', 'uri': 'spotify:artist:6tbjWDEIzxoDsBA1FuhfPW'}]",https://p.scdn.co/mp3-preview/7822b6ba4b8b1798e18165a9da812340412cd40c?cid=57daa17ab8e544dcab420c4b154c56d9
63,1mea3bSkSGXuIRvnydlB5b,Viva La Vida,"[{'external_urls': {'spotify': 'https://open.spotify.com/artist/4gzpq5DPGxSnKTe4SA8HAU'}, 'href': 'https://api.spotify.com/v1/artists/4gzpq5DPGxSnKTe4SA8HAU', 'id': '4gzpq5DPGxSnKTe4SA8HAU', 'name': 'Coldplay', 'type': 'artist', 'uri': 'spotify:artist:4gzpq5DPGxSnKTe4SA8HAU'}]",https://p.scdn.co/mp3-preview/bb0a310830636ebf8e5f6a1fa03d129a9724f7ec?cid=57daa17ab8e544dcab420c4b154c56d9
70,0XvjOhwCnXXFOSlBbV9jPN,Barbra Streisand - Radio Edit,"[{'external_urls': {'spotify': 'https://open.spotify.com/artist/0q8J3Yj810t5cpAYEJ7gxt'}, 'href': 'https://api.spotify.com/v1/artists/0q8J3Yj810t5cpAYEJ7gxt', 'id': '0q8J3Yj810t5cpAYEJ7gxt', 'name': 'Duck Sauce', 'type': 'artist', 'uri': 'spotify:artist:0q8J3Yj810t5cpAYEJ7gxt'}]",https://p.scdn.co/mp3-preview/c6ea7197c02430f1c51aa9478be44a5a40ca0192?cid=57daa17ab8e544dcab420c4b154c56d9
72,6T27IN7Ai94BeDv6PPCmoC,Turn Me On (feat. Nicki Minaj),"[{'external_urls': {'spotify': 'https://open.spotify.com/artist/1Cs0zKBU1kc0i8ypK3B9ai'}, 'href': 'https://api.spotify.com/v1/artists/1Cs0zKBU1kc0i8ypK3B9ai', 'id': '1Cs0zKBU1kc0i8ypK3B9ai', 'name': 'David Guetta', 'type': 'artist', 'uri': 'spotify:artist:1Cs0zKBU1kc0i8ypK3B9ai'}, {'external_urls': {'spotify': 'https://open.spotify.com/artist/0hCNtLu0JehylgoiP8L4Gh'}, 'href': 'https://api.spotify.com/v1/artists/0hCNtLu0JehylgoiP8L4Gh', 'id': '0hCNtLu0JehylgoiP8L4Gh', 'name': 'Nicki Minaj', 'type': 'artist', 'uri': 'spotify:artist:0hCNtLu0JehylgoiP8L4Gh'}]",https://p.scdn.co/mp3-preview/83ca8ab672a0a2dc4b8fc7ed30a3ce234e9a8fe2?cid=57daa17ab8e544dcab420c4b154c56d9
77,26vKwxgkbm2jcKyjvmScPK,I Feel for You,"[{'external_urls': {'spotify': 'https://open.spotify.com/artist/6mQfAAqZGBzIfrmlZCeaYT'}, 'href': 'https://api.spotify.com/v1/artists/6mQfAAqZGBzIfrmlZCeaYT', 'id': '6mQfAAqZGBzIfrmlZCeaYT', 'name': 'Chaka Khan', 'type': 'artist', 'uri': 'spotify:artist:6mQfAAqZGBzIfrmlZCeaYT'}]",https://p.scdn.co/mp3-preview/0493221994abde6548ddb535a5244d96f220e1ae?cid=57daa17ab8e544dcab420c4b154c56d9
78,3ehrxAhYms24KLPG8FZe0W,We Are Young (feat. Janelle Monáe),"[{'external_urls': {'spotify': 'https://open.spotify.com/artist/5nCi3BB41mBaMH9gfr6Su0'}, 'href': 'https://api.spotify.com/v1/artists/5nCi3BB41mBaMH9gfr6Su0', 'id': '5nCi3BB41mBaMH9gfr6Su0', 'name': 'fun.', 'type': 'artist', 'uri': 'spotify:artist:5nCi3BB41mBaMH9gfr6Su0'}, {'external_urls': {'spotify': 'https://open.spotify.com/artist/6ueGR6SWhUJfvEhqkvMsVs'}, 'href': 'https://api.spotify.com/v1/artists/6ueGR6SWhUJfvEhqkvMsVs', 'id': '6ueGR6SWhUJfvEhqkvMsVs', 'name': 'Janelle Monáe', 'type': 'artist', 'uri': 'spotify:artist:6ueGR6SWhUJfvEhqkvMsVs'}]",https://p.scdn.co/mp3-preview/af96d9b11588ea7d7754ccf2a8cefa7ead23a7d6?cid=57daa17ab8e544dcab420c4b154c56d9
80,2goLsvvODILDzeeiT4dAoR,Believe,"[{'external_urls': {'spotify': 'https://open.spotify.com/artist/72OaDtakiy6yFqkt4TsiFt'}, 'href': 'https://api.spotify.com/v1/artists/72OaDtakiy6yFqkt4TsiFt', 'id': '72OaDtakiy6yFqkt4TsiFt', 'name': 'Cher', 'type': 'artist', 'uri': 'spotify:artist:72OaDtakiy6yFqkt4TsiFt'}]",https://p.scdn.co/mp3-preview/579967c91dc409b693b9819c12bbba83e4d0f9a4?cid=57daa17ab8e544dcab420c4b154c56d9
84,6KlnQC66NiJTdO88aL62SF,Shame,"[{'external_urls': {'spotify': 'https://open.spotify.com/artist/4JCt4xrbbBB9blkKwNlcJ7'}, 'href': 'https://api.spotify.com/v1/artists/4JCt4xrbbBB9blkKwNlcJ7', 'id': '4JCt4xrbbBB9blkKwNlcJ7', 'name': 'Evelyn ""Champagne"" King', 'type': 'artist', 'uri': 'spotify:artist:4JCt4xrbbBB9blkKwNlcJ7'}]",https://p.scdn.co/mp3-preview/8b07120f2f9c91561f225e9c7a4d137199f911b7?cid=57daa17ab8e544dcab420c4b154c56d9
85,5ChkMS8OtdzJeqyybCc9R5,Billie Jean,"[{'external_urls': {'spotify': 'https://open.spotify.com/artist/3fMbdgg4jU18AjLCKBhRSm'}, 'href': 'https://api.spotify.com/v1/artists/3fMbdgg4jU18AjLCKBhRSm', 'id': '3fMbdgg4jU18AjLCKBhRSm', 'name': 'Michael Jackson', 'type': 'artist', 'uri': 'spotify:artist:3fMbdgg4jU18AjLCKBhRSm'}]",https://p.scdn.co/mp3-preview/f504e6b8e037771318656394f532dede4f9bcaea?cid=57daa17ab8e544dcab420c4b154c56d9
87,69kOkLUCkxIZYexIgSG8rq,Get Lucky (feat. Pharrell Williams & Nile Rodgers),"[{'external_urls': {'spotify': 'https://open.spotify.com/artist/4tZwfgrHOc3mvqYlEYSvVi'}, 'href': 'https://api.spotify.com/v1/artists/4tZwfgrHOc3mvqYlEYSvVi', 'id': '4tZwfgrHOc3mvqYlEYSvVi', 'name': 'Daft Punk', 'type': 'artist', 'uri': 'spotify:artist:4tZwfgrHOc3mvqYlEYSvVi'}, {'external_urls': {'spotify': 'https://open.spotify.com/artist/2RdwBSPQiwcmiDo9kixcl8'}, 'href': 'https://api.spotify.com/v1/artists/2RdwBSPQiwcmiDo9kixcl8', 'id': '2RdwBSPQiwcmiDo9kixcl8', 'name': 'Pharrell Williams', 'type': 'artist', 'uri': 'spotify:artist:2RdwBSPQiwcmiDo9kixcl8'}, {'external_urls': {'spotify': 'https://open.spotify.com/artist/3yDIp0kaq9EFKe07X1X2rz'}, 'href': 'https://api.spotify.com/v1/artists/3yDIp0kaq9EFKe07X1X2rz', 'id': '3yDIp0kaq9EFKe07X1X2rz', 'name': 'Nile Rodgers', 'type': 'artist', 'uri': 'spotify:artist:3yDIp0kaq9EFKe07X1X2rz'}]",https://p.scdn.co/mp3-preview/28c1195dcc64c65223ed1f439886d50f4ded7ba6?cid=57daa17ab8e544dcab420c4b154c56d9
89,2M55R2A9IAhLdsCGFj8r8k,I'm Every Woman,"[{'external_urls': {'spotify': 'https://open.spotify.com/artist/6mQfAAqZGBzIfrmlZCeaYT'}, 'href': 'https://api.spotify.com/v1/artists/6mQfAAqZGBzIfrmlZCeaYT', 'id': '6mQfAAqZGBzIfrmlZCeaYT', 'name': 'Chaka Khan', 'type': 'artist', 'uri': 'spotify:artist:6mQfAAqZGBzIfrmlZCeaYT'}]",https://p.scdn.co/mp3-preview/4e7ba67fbaac1b593bf5a70fffd57f0bd1673fa7?cid=57daa17ab8e544dcab420c4b154c56d9
94,2yFh7Oz9g0bpHp3iis2Iu2,Talk Dirty (feat. 2 Chainz),"[{'external_urls': {'spotify': 'https://open.spotify.com/artist/07YZf4WDAMNwqr4jfgOZ8y'}, 'href': 'https://api.spotify.com/v1/artists/07YZf4WDAMNwqr4jfgOZ8y', 'id': '07YZf4WDAMNwqr4jfgOZ8y', 'name': 'Jason Derulo', 'type': 'artist', 'uri': 'spotify:artist:07YZf4WDAMNwqr4jfgOZ8y'}, {'external_urls': {'spotify': 'https://open.spotify.com/artist/17lzZA2AlOHwCwFALHttmp'}, 'href': 'https://api.spotify.com/v1/artists/17lzZA2AlOHwCwFALHttmp', 'id': '17lzZA2AlOHwCwFALHttmp', 'name': '2 Chainz', 'type': 'artist', 'uri': 'spotify:artist:17lzZA2AlOHwCwFALHttmp'}]",https://p.scdn.co/mp3-preview/222364acc54017734b3e55a124e41106849e76f8?cid=57daa17ab8e544dcab420c4b154c56d9
95,5J2UfqBylH8jDQZJnxby81,Sean den förste Banan,"[{'external_urls': {'spotify': 'https://open.spotify.com/artist/4EyhwDFo0iKdv2nMUM4m1Q'}, 'href': 'https://api.spotify.com/v1/artists/4EyhwDFo0iKdv2nMUM4m1Q', 'id': '4EyhwDFo0iKdv2nMUM4m1Q', 'name': 'Sean Banan', 'type': 'artist', 'uri': 'spotify:artist:4EyhwDFo0iKdv2nMUM4m1Q'}]",https://p.scdn.co/mp3-preview/efb64c7d08ad4d0baf7b6b3c42faf071e3854305?cid=57daa17ab8e544dcab420c4b154c56d9
97,7mimnm2QlSzW3J38FRMETP,Thinking of You,"[{'external_urls': {'spotify': 'https://open.spotify.com/artist/6gkWznnJkdkwRPVcmnrays'}, 'href': 'https://api.spotify.com/v1/artists/6gkWznnJkdkwRPVcmnrays', 'id': '6gkWznnJkdkwRPVcmnrays', 'name': 'Sister Sledge', 'type': 'artist', 'uri': 'spotify:artist:6gkWznnJkdkwRPVcmnrays'}]",https://p.scdn.co/mp3-preview/6b878c0e2cdcd7991ce50628f59e7c31135c7d04?cid=57daa17ab8e544dcab420c4b154c56d9
99,2Foc5Q5nqNiosCNqttzHof,Get Lucky (feat. Pharrell Williams & Nile Rodgers) - Radio Edit,"[{'external_urls': {'spotify': 'https://open.spotify.com/artist/4tZwfgrHOc3mvqYlEYSvVi'}, 'href': 'https://api.spotify.com/v1/artists/4tZwfgrHOc3mvqYlEYSvVi', 'id': '4tZwfgrHOc3mvqYlEYSvVi', 'name': 'Daft Punk', 'type': 'artist', 'uri': 'spotify:artist:4tZwfgrHOc3mvqYlEYSvVi'}, {'external_urls': {'spotify': 'https://open.spotify.com/artist/2RdwBSPQiwcmiDo9kixcl8'}, 'href': 'https://api.spotify.com/v1/artists/2RdwBSPQiwcmiDo9kixcl8', 'id': '2RdwBSPQiwcmiDo9kixcl8', 'name': 'Pharrell Williams', 'type': 'artist', 'uri': 'spotify:artist:2RdwBSPQiwcmiDo9kixcl8'}, {'external_urls': {'spotify': 'https://open.spotify.com/artist/3yDIp0kaq9EFKe07X1X2rz'}, 'href': 'https://api.spotify.com/v1/artists/3yDIp0kaq9EFKe07X1X2rz', 'id': '3yDIp0kaq9EFKe07X1X2rz', 'name': 'Nile Rodgers', 'type': 'artist', 'uri': 'spotify:artist:3yDIp0kaq9EFKe07X1X2rz'}]",https://p.scdn.co/mp3-preview/92d40a2ae211cceb264e9ee1e67fe05f4d788200?cid=57daa17ab8e544dcab420c4b154c56d9
